"Gor?, Ethiopia"	8.15	35.53333	success
"Pastaza, Ecuador"	-1.795993	-76.766887	doubt
"Quang Ngai, Vietnam"	15.008864	108.644286	doubt
"Montserrat, Beverly, MA, USA"	42.563587	-70.873187	success
"Santiago, Chile"	-33.428532	-70.630133	success
"Bucaramanga, Colombia"	7.12539	-73.1198	success
"Mohanbari, India"	27.457052	95.01914	doubt
"Hanoi, Vietnam"	21.0245	105.84117	success
"Manila, Philippines"	14.6042	120.9822	success
"London, England, United Kingdom"	51.509648	-0.099076	success
"Obock, Djibouti"	12.272345	43.092686	success
Panama	8.72491	-80.338454	doubt
Colombia	3.420497	-73.166783	doubt
"Cincinnati Airport Marriott Parking, Boone County, KY, USA"	39.075837	-84.656358	doubt
"Murmansk Oblast, Russia"	67.879451	35.019042	doubt
"Salt Lake City, UT, USA"	40.773201	-111.933984	success
"Maui County, HI, USA"	20.788413	-156.305445	doubt
"Palm Springs, CA, USA"	33.807808	-116.527883	success
"Salt Lake City, UT, USA"	40.773201	-111.933984	success
"Carmel, NY, USA"	41.390914	-73.72391	success
"Cerro El Planchón, Chile"	-37.005633	-71.615041	success
"Sta Cruz, Spain"	28.462493	-16.261104	doubt
Vietnam	21.732568	105.396672	doubt
"Kingman, AZ, USA"	35.208957	-114.023342	success
"Legaspi City, Philippines"	13.13722	123.73444	success
"Texas, USA"	31.030974	-98.326329	doubt
Indonesia	-1.003189	101.972332	doubt
"Cartagena, Colombia"	10.39972	-75.51444	doubt
"Port-au-Prince, Haiti"	18.53917	-72.335	success
Switzerland	46.730219	7.509687	doubt
"binh, Vietnam"	10.85886	106.759126	doubt
"Erie, PA, USA"	42.118688	-80.072076	success
"Bremen, Germany"	53.09026	8.852958	success
"Tokyo, Japan"	35.695126	139.75391	success
"Srinagar, India"	30.22242	78.78341	success
"Mattoon, IL, USA"	39.476576	-88.415066	success
India	22.412321	79.132924	doubt
"Milan, Italy"	45.473702	9.170685	success
"Tokyo, Japan"	35.695126	139.75391	doubt
"Park County, CO, USA"	39.129965	-105.725511	doubt
"Fuji, Japan"	35.187285	138.66394	success
"Santa Cruz, CA, USA"	36.967259	-122.035505	doubt
"Alaska, USA"	64.724809	-153.629618	success
"Athens, Greece"	37.988579	23.728541	success
"Cairo, Egypt"	30.06263	31.24967	success
"Asunción, Paraguay"	-25.283963	-57.585571	doubt
"West Virginia, USA"	38.720281	-80.649428	doubt
"San Diego, CA, USA"	32.72793	-117.15529	doubt
Laos	19.43535	102.560667	doubt
"Ardmore, OK, USA"	34.170347	-97.132638	success
Peru	-12.98078	-72.876651	doubt
Vietnam	21.732568	105.396672	doubt
"Neah Bay, WA, USA"	48.360397	-124.599295	success
"Okinawa Prefecture, Japan"	26.59508	128.073892	success
"Columbia City, IN, USA"	41.160364	-85.486013	success
"Montreal, QC, Canada"	45.572744	-73.586295	success
"Long Beach, MS, USA"	30.360805	-89.164847	success
"Ashland, AL, USA"	33.273866	-85.833666	success
Philippines	16.932122	121.387948	doubt
"Auckland, New Zealand"	-36.905451	174.672404	success
"Munster, IN, USA"	41.545982	-87.50344	success
Bolivia	-16.640652	-64.661928	doubt
"Falls City, NE, USA"	40.062372	-95.60095	doubt
"Sibiu, Romania"	45.880647	24.311196	doubt
"Acapulco, Mexico"	16.899052	-99.835462	success
"Anchorage, AK, USA"	61.195429	-149.358257	success
"Hebron, OH, USA"	39.961669	-82.484551	success
"Da Nang, Vietnam"	16.06778	108.22083	doubt
"Lobos, Argentina"	-35.221244	-59.139949	doubt
"Juneau, AK, USA"	58.503052	-134.249544	success
"Ljubljana, Slovenia"	46.062688	14.503879	doubt
"Mumbai, India"	18.957375	72.855871	success
Spain	40.09095	-3.464618	doubt
"Winton (S), QLD, Australia"	-22.59604	142.272575	doubt
"Bogotá, Colombia"	4.60971	-74.08175	success
"Oregon, USA"	43.854178	-120.526709	doubt
"An Khe, Vietnam"	14.002065	108.698435	doubt
"Morgan City, LA, USA"	29.702967	-91.199164	doubt
"Sukhumi Street, Georgia"	41.451215	44.531561	doubt
"Dowagiac, MI, USA"	41.984194	-86.111128	success
"Heflin, AL, USA"	33.646693	-85.588611	success
"East Nassau, NY, USA"	42.535036	-73.507243	success
"Chatham, MA, USA"	41.688805	-69.964896	doubt
"Matsuyama-shi, Japan"	33.84635	132.744777	doubt
Germany	51.196755	9.62743	doubt
"New Bern, NC, USA"	35.121888	-77.079527	success
"Aden, Yemen"	12.77944	45.03667	success
"Bratislava,,Bajkalská, Bratislava, Slovakia"	48.163763	17.138764	doubt
South Korea Seoul Yongsan-gu nearmyB	37.478453	127.143411	success
Brazil	-11.928923	-49.542449	doubt
"Moscow, Russia"	55.741469	37.615561	success
"Bogotá, Colombia"	4.60971	-74.08175	success
"Da Nang, Vietnam"	16.06778	108.22083	doubt
Colombia	3.420497	-73.166783	doubt
"Shrewsbury, NJ, USA"	40.313693	-74.071374	doubt
"Hilo, HI, USA"	19.698059	-155.076152	success
Japan	36.13793	138.441899	doubt
AtlantiOcean	failed	failed	failed
"Frankfurt, Germany"	50.041821	8.584764	success
"Aleppo, Syria"	36.20124	37.16117	success
"Curitiba, Brazil"	-25.459935	-49.280018	success
"Albuquerque, NM, USA"	35.128683	-106.579128	success
"Nearly New, Princeton, NJ, USA"	40.352115	-74.652619	doubt
"Mexico City, Mexico"	19.371422	-99.150344	success
"Canton of Zurich, Switzerland"	47.390129	8.661	doubt
"Youngstown, OH, USA"	41.098842	-80.652223	success
"Manado, Indonesia"	1.492292	124.853254	success
"Tegucigalpa, Honduras"	14.0818	-87.20681	success
"Mactan, Philippines"	10.3	124	success
"Monrovia, Liberia"	6.30054	-10.7969	success
"Ohio, USA"	40.262259	-82.883453	doubt
"Karachi City, Pakistan"	24.984695	67.238928	doubt
"Urbana, OH, USA"	40.074647	-83.744417	success
Vietnam	21.732568	105.396672	doubt
"Klamath Falls, OR, USA"	42.234169	-121.792788	success
"Matera, Italy"	40.50014	16.453709	doubt
"East London, South Africa"	-32.995213	27.888413	doubt
"Kodiak, AK, USA"	57.790855	-152.409416	success
"Greenwood, MS, USA"	33.515916	-90.189497	success
"New Orleans, LA, USA"	30.056708	-89.889852	success
"Phelan, CA, USA"	34.43696	-117.537488	success
"Lima, Peru"	-12.04318	-77.02824	doubt
"Lexington, KY, USA"	38.050015	-84.500021	success
South Korea Seoul Yongsan-gu Seoul	37.539619	127.009676	success
"Tamanghasset, Algeria"	23.842982	4.571427	success
Iran	31.931398	55.245317	doubt
"Nicosia, Cyprus"	35.074977	33.109874	doubt
"Nantucket, MA, USA"	41.283493	-70.101898	doubt
Colombia	3.420497	-73.166783	doubt
"Malaybalay, Philippines"	8.1575	125.12778	success
"Tsushima, Japan"	34.655803	129.468384	doubt
"Flushing, Queens, New York, NY, USA"	40.75559	-73.81188	success
"New Castle, VA, USA"	37.50182	-80.111287	success
Chile	-38.165295	-72.288079	doubt
Canada	58.33747	-112.384858	doubt
"Ottawa, ON, Canada"	45.209415	-75.783876	success
"Canigou, France"	43.153026	3.15862	doubt
"Cheshire West and Chester, England, United Kingdom"	53.186834	-2.794877	doubt
Vietnam	21.732568	105.396672	doubt
"Jeddah, Saudi Arabia"	21.51694	39.21917	success
"Dublin, Ireland"	53.33928	-6.281314	success
"La Paz, Mexico"	24.132766	-110.32305	success
"Coari, Brazil"	-4.10992	-63.143162	success
"?i?n Biên Ph?, Vietnam"	21.38602	103.02301	success
"An Khe, Vietnam"	14.002065	108.698435	success
"Dublin, Ireland"	53.33928	-6.281314	success
Vietnam	21.732568	105.396672	doubt
"Blossburg, PA, USA"	41.67954	-77.068953	success
"Jacksonville, NC, USA"	34.738215	-77.419369	success
Saudi Arabia	23.806678	44.700847	doubt
"Hong Kong, Hong Kong"	22.28552	114.15769	doubt
"Western Visayas, Philippines"	10.663288	122.998227	doubt
"Tananarive Antsirabe, Madagascar"	-18.94641	47.526253	doubt
"Hendersonville, NC, USA"	35.316152	-82.465159	success
"Luang Prabang, Laos"	19.88601	102.13503	success
"Luang Prabang, Laos"	19.88601	102.13503	success
"Arizona, USA"	34.255149	-111.62621	doubt
Norway	61.356908	9.680372	success
"Bao Loc, Vietnam"	11.496865	107.755686	doubt
"Gander, NL, Canada"	48.96822	-54.59064	success
"Farmington, NM, USA"	36.76239	-108.179549	success
Vietnam	21.732568	105.396672	doubt
"Culebra, Puerto Rico"	18.315426	-65.313591	doubt
"Rhodes, Greece"	36.437235	28.218122	doubt
"Arizona, USA"	34.255149	-111.62621	doubt
"South Vietnam Restaurant, Fredericksburg, VA, USA"	38.304593	-77.507562	success
"Calhoun, GA, USA"	34.501538	-84.950448	success
"Fernhurst, England, United Kingdom"	51.041746	-0.719096	success
China	32.523743	106.431983	doubt
"Cincinnati, OH, USA"	39.14767	-84.543959	success
"Ekaterinburg, Russia"	56.858724	60.609505	success
"Cincinnati/Northern Kentucky International Airport, Boone County, KY, USA"	39.051156	-84.664268	success
"Juneau, AK, USA"	58.503052	-134.249544	success
"Sanger, CA, USA"	36.705782	-119.559878	success
"Quy Nhon, Vietnam"	13.726053	109.16044	doubt
"Villa Muong Khong, Laos"	14.11158	105.854067	doubt
"Huánuco, Peru"	-9.93062	-76.24223	doubt
"Madison, WI, USA"	43.081309	-89.395609	success
"Hanalei, HI, USA"	22.203116	-159.495811	success
"Corona, NM, USA"	34.250087	-105.597173	success
"England, United Kingdom"	52.59431	-1.461208	doubt
"Denver, CO, USA"	39.740959	-104.985798	success
"Chiang Mai, Thailand"	18.746936	98.683073	doubt
"Liepaja, Latvia"	56.546878	21.035109	doubt
"New Orleans, LA, USA"	30.056708	-89.889852	success
"San Diego, CA, USA"	32.72793	-117.15529	success
"Tanana, AK, USA"	65.174767	-152.069606	success
"Quang Tri, Vietnam"	16.760572	106.924508	doubt
"Nevada, USA"	39.440688	-116.598569	doubt
"Zifta, Egypt"	30.698172	31.215582	doubt
"Iwakuni, Japan"	34.170427	132.215225	success
"Minot AFB, North Dakota"	failed	failed	failed
"Moroni, Comoros"	-11.70216	43.25506	success
"Phu Quoc, Vietnam"	10.302782	104.003671	doubt
"Vancouver, BC, Canada"	49.2819	-123.11874	success
India	22.412321	79.132924	doubt
Taiwan	23.798532	120.955426	doubt
"Eureka, UT, USA"	39.961918	-112.112476	success
Laos	19.43535	102.560667	doubt
"Bratsk, Russia"	56.1325	101.61417	success
"West Region, Cameroon"	5.420717	10.70225	doubt
Vietnam	21.732568	105.396672	doubt
"Panay Island, Philippines"	13.960892	124.334088	success
"St.-Denis, France"	-20.878895	55.448078	success
"Rhode Island, USA"	41.587536	-71.514739	doubt
"St. Louis, MO, USA"	38.635957	-90.239861	success
"Wexford, Ireland"	52.486607	-6.606355	doubt
"St. Louis, MO, USA"	38.635957	-90.239861	success
"Moscow, Russia"	55.741469	37.615561	success
"Phu Quoc, Vietnam"	10.302782	104.003671	doubt
"Heathrow Airport Spur Road, London, England, United Kingdom"	51.482085	-0.453121	doubt
"Coyhaique, Chile"	-45.575632	-72.067527	success
"Dahlonega, GA, USA"	34.53215	-83.986139	success
"Mexico City, Mexico"	19.371422	-99.150344	success
"England, United Kingdom"	52.59431	-1.461208	doubt
"C?m T?m S??n Chéo, Vietnam"	10.79202	106.677939	doubt
South Africa	-29.708985	23.666291	doubt
"Moscow, Russia"	55.741469	37.615561	success
"California, USA"	36.531544	-119.586168	doubt
Pakistan	29.328493	68.546268	doubt
"Dawson County, TX, USA"	32.742314	-101.947669	doubt
Libya	26.666955	18.030248	doubt
Vietnam	21.732568	105.396672	doubt
"Pelliston, Michigan"	failed	failed	failed
"Paramount, CA, USA"	33.897393	-118.165127	success
"Mumbai, India"	19.10109	72.875449	success
"Vidalia, GA, USA"	32.217728	-82.408748	success
"Sealdah, India"	22.608067	88.419453	success
"San Sebastian, Spain"	43.314798	-1.974583	success
Russia	63.314401	93.884016	doubt
"Bearcat Cove, Lake Wynonah, PA, USA"	40.590676	-76.181377	doubt
"Missouri, USA"	38.353141	-92.747022	doubt
"London, England, United Kingdom"	51.509648	-0.099076	success
"Fort Lauderdale, FL, USA"	26.121044	-80.142951	success
Saudi Arabia	23.806678	44.700847	doubt
"Lagos, Nigeria"	6.550449	3.574901	doubt
"Gravatá, Brazil"	-8.195733	-35.566964	success
Chile	-38.165295	-72.288079	success
"Recife, Brazil"	-8.055802	-34.921399	success
"Jamestown, RI, USA"	41.522531	-71.376955	success
"Milan, Italy"	45.473702	9.170685	success
"Milwaukee, WI, USA"	43.063146	-87.948334	success
"Pfaffenhofen, Germany"	49.062155	8.974638	success
"Charleston, WV, USA"	38.347262	-81.630631	success
AtlantiOcean	failed	failed	failed
"Compton, CA, USA"	33.890464	-118.225034	success
"Port Said, Egypt"	31.077789	32.331427	doubt
"Maturín, Venezuela"	9.75	-63.17667	success
"Washington, DC, USA"	38.82652	-77.01712	success
"Odda, Norway"	60.064642	6.547379	success
"Burgas, Bulgaria"	42.654466	27.194076	doubt
"Flushing, Queens, New York, NY, USA"	40.75559	-73.81188	success
"Antibes, France"	43.587719	7.106732	doubt
Wake Island	19.285663	166.644535	doubt
"Port Harcourt, Nigeria"	4.77742	7.0134	success
"Kenai, AK, USA"	60.563342	-151.196291	success
Vietnam	21.732568	105.396672	doubt
Vietnam	21.732568	105.396672	doubt
"Las Vegas, NV, USA"	36.190364	-115.279104	success
"Puerto Cortes, Costa Rica"	9.051808	-83.637428	success
"Derry, PA, USA"	40.27547	-76.643955	success
"Prague, OK, USA"	35.488426	-96.686522	doubt
"Izmir, Turkey"	38.41273	27.13838	success
"Feijó, Brazil"	-8.17497	-70.347807	success
Vietnam	21.732568	105.396672	doubt
"Hanover, NH, USA"	43.70464	-72.279321	success
"Utqia?vik, AK, USA"	71.265914	-156.767414	success
"San Francisco, CA, USA"	37.778008	-122.431272	success
"Santa Ana, CA, USA"	33.732249	-117.880826	success
"Savannahkhet, Laos"	16.507601	105.725646	doubt
"Point Baker, AK, USA"	56.348368	-133.615543	success
"Pedro Bay, AK, USA"	59.788845	-154.115755	success
"St Thomas Mount, Tamizhagam, India"	13.005374	80.1907	doubt
"Montana, USA"	47.001265	-109.645406	doubt
"Caracas, Venezuela"	10.48801	-66.87919	success
"Bradford, PA, USA"	41.955771	-78.646139	success
"Prudhoe Bay, AK, USA"	70.373816	-148.882784	success
"Alaska, USA"	64.724809	-153.629618	doubt
"Ensenada, Mexico"	31.866071	-116.593719	success
"Chicago, IL, USA"	41.87897	-87.66063	success
"Ching Shin Fu Chuan Tea Station, Miaoli, Taiwan"	24.551174	120.82109	success
"Lake Minchumina, AK, USA"	63.76887	-152.348787	success
"Port Hedland, WA, Australia"	-20.376992	118.626374	success
Mexico	23.920061	-102.289691	doubt
Taiwan	23.798532	120.955426	doubt
"Tyonek, AK, USA"	61.063391	-151.346367	success
"Gatwick Airport, England, United Kingdom"	51.157062	-0.160803	success
"Bradford, PA, USA"	41.955771	-78.646139	success
Thailand	15.512883	101.301707	doubt
"Los Angeles, CA, USA"	34.05513	-118.25703	doubt
"Hu?, Vietnam"	16.46667	107.6	success
"Los Angeles, CA, USA"	34.05513	-118.25703	doubt
Taiwan	23.798532	120.955426	doubt
"Port Angeles, WA, USA"	48.118648	-123.431689	success
"NBI Batangas Regional Office, Philippines"	13.764424	121.062889	doubt
"Lone Pine, CA, USA"	36.576235	-118.081414	success
"Tainan City, Taiwan"	23.109964	120.301152	success
"San Juan, Puerto Rico"	18.413528	-66.061559	doubt
"Maracaibo, Venezuela"	10.63167	-71.64056	success
"Kansas City, KS, USA"	39.106542	-94.731462	success
"Aswan, Egypt"	23.366827	32.987972	doubt
"New Orleans, LA, USA"	30.056708	-89.889852	success
"New Providence, The Bahamas"	25.039728	-77.394647	doubt
Poland	51.899304	20.388926	doubt
"Quang Tri, Vietnam"	16.760572	106.924508	doubt
"Sept-Îles, QC, Canada"	50.337332	-66.088462	doubt
"Chongjin, North Korea"	41.784619	129.79	doubt
"Kinshasa, Democratic Republic of Congo"	-4.32142	15.30807	success
"Craig, AK, USA"	55.477135	-133.127602	success
"Khulna, Bangladesh"	22.80978	89.56439	success
"Near Takoradi, Ghana"	failed	failed	failed
"Near Nakhon Ratchasima , Thailand"	failed	failed	failed
"Las Higueras, Argentina"	failed	failed	failed
"Takoradi, Ghana"	4.88447	-1.75536	success
"Nakhon Ratchasima, Thailand"	14.854541	101.694946	success
"Las Higueras, Argentina"	-33.09231	-64.289	success
"Río Cuarto, Argentina"	-33.13067	-64.34992	success
Vietnam	21.732568	105.396672	doubt
"Medford, NJ, USA"	39.898214	-74.827656	success
"Lashio, Myanmar"	22.741905	98.168759	doubt
"Reggio Di Calabria, Italy"	38.270419	16.024497	doubt
"Salinas Victoria, Mexico"	26.144159	-100.275221	doubt
"North Bend, OR, USA"	43.408468	-124.234608	success
"Alaska, USA"	64.724809	-153.629618	doubt
"Pasco, WA, USA"	46.249882	-119.114864	success
"Agra, India"	27.189062	78.010888	success
"Monroe, GA, USA"	33.794733	-83.710085	success
Nepal	28.323184	83.60374	doubt
"Utqia?vik, AK, USA"	71.265914	-156.767414	success
"New York, NY, USA"	40.68295	-73.9708	success
"Alaska, USA"	64.724809	-153.629618	doubt
"Kekaha, HI, USA"	21.968909	-159.715229	success
"AtlantiCity, New Jersey"	failed	failed	failed
"Biskra, Algeria"	34.22051	4.790589	doubt
"Arizona, USA"	34.255149	-111.62621	doubt
Nigeria	9.404974	7.607418	doubt
Canada	58.33747	-112.384858	doubt
Laos	19.43535	102.560667	doubt
"Sucre, Ecuador"	-1.27974	-80.41885	success
"Moscow, Russia"	55.741469	37.615561	success
"Caracas, Venezuela"	10.48801	-66.87919	doubt
Russia	63.314401	93.884016	doubt
"Newton, IA, USA"	41.699365	-93.040462	success
"Pakse, Laos"	15.12022	105.79898	success
"Korat King's Hotel, Nakhon Ratchasima, Thailand"	14.977267	102.065089	doubt
"Medina, Colombia"	4.512487	-73.381215	doubt
"Fairland, IN, USA"	39.586196	-85.862169	success
"Antipolo, Philippines"	14.58639	121.17528	success
"Londrina, Brazil"	-23.325554	-51.157232	success
"Campbell River, BC, Canada"	50.019084	-125.285262	success
"Hoi An, Vietnam"	15.87944	108.335	success
"Mexico City, Mexico"	19.371422	-99.150344	success
"La Paz, Bolivia"	-16.5	-68.15	success
Nigeria	9.404974	7.607418	doubt
Gulf of Tonkin	19.686029	107.54315	success
"Denver, CO, USA"	39.740959	-104.985798	success
"Timmins, ON, Canada"	48.494105	-81.280241	success
"Alaska, USA"	64.724809	-153.629618	doubt
Russia	63.314401	93.884016	doubt
"Glen, NY, USA"	42.906512	-74.360908	doubt
Nigeria	9.404974	7.607418	doubt
"Keratea, Greece"	37.806599	23.977946	success
"Passadumkeag, ME, USA"	45.182023	-68.582609	success
"San Diego, CA, USA"	32.72793	-117.15529	success
"Nha Trang, Vietnam"	12.25	109.18333	success
"Luang Prabang, Laos"	19.88601	102.13503	success
"Nulato, AK, USA"	64.691966	-158.302262	success
"Stockholm, Sweden"	59.275254	18.035164	success
"Villia, Greece"	38.164573	23.337663	success
Samoa	-13.63914	-172.438241	doubt
Peru	-12.98078	-72.876651	doubt
"Portage, MI, USA"	42.198396	-85.593853	success
"Poza Rica de Hidalgo, Mexico"	20.528235	-97.45159	success
"Delhi, India"	24.734319	81.334404	doubt
"Batagay, Russia"	67.659161	134.652553	success
"Cleveland, OH, USA"	41.496551	-81.65133	success
"Murmansk Oblast, Russia"	67.879451	35.019042	doubt
"Corrientes, Argentina"	-28.684571	-57.799607	doubt
"Aurul Apusenilor, Ro?ia Montan?, Romania"	46.306303	23.13129	success
"0 Samarkanda, Villahermosa, Mexico"	18.006363	-92.943921	doubt
Long Island Sound	-20.402883	148.854784	success
"Puerta 7, Colombia"	11.019219	-74.849608	success
"Santo Domingo, Dominican Republic"	18.50012	-69.98857	doubt
"Elizabeth, NJ, USA"	40.666773	-74.185906	success
Democratic Republic of Congo	-2.271721	23.513592	success
"Canton of Zurich, Switzerland"	47.390129	8.661	doubt
"St. Moritz, Switzerland"	46.498322	9.843629	success
"Belem, Brazil"	-1.448755	-48.487867	success
"Da Nang, Vietnam"	16.06778	108.22083	doubt
"Binghamton, NY, USA"	42.097974	-75.916989	success
"Colorado City, AZ, USA"	36.980806	-112.982989	success
"Casablanca, Morocco"	33.58831	-7.61138	success
"Novosibirsk, Russia"	55.045575	82.932136	success
"Cambridge, MD, USA"	38.566234	-76.078931	success
"Dakcheung, Laos"	15.470571	107.199567	doubt
"Manila, Philippines"	14.6042	120.9822	success
Italy	44.732552	11.077303	doubt
Guinea	10.625075	-9.951975	doubt
"Saint Croix Island, US Virgin Islands"	17.746706	-64.779172	doubt
"Hamilton City, CA, USA"	39.742228	-122.012535	success
"Mogadishu, Somalia"	2.03711	45.34375	success
"Northern Mindanao, Philippines"	8.238765	124.485197	doubt
"Pellston, MI, USA"	45.551542	-84.781821	success
"Kishiniev, Moldavia, USSR"	failed	failed	failed
"Puntarenas, Costa Rica"	8.991904	-83.244295	doubt
"Tegucigalpa, Honduras"	14.0818	-87.20681	success
"Chamblee, GA, USA"	33.890794	-84.301071	success
"Tajura' wa an Nawahi al Arba, Libya"	32.767144	13.400454	doubt
"Roxas, Philippines"	11.58528	122.75111	success
Peru	-12.98078	-72.876651	doubt
"Mcgrath, AK, USA"	62.942705	-155.56711	success
"Girona, Spain"	42.061914	2.819512	doubt
"Toronto, ON, Canada"	43.64877	-79.38171	success
"N, Birmingham/Wolverhampton/Walsall/Dudley, England, United Kingdom"	52.585574	-2.122212	doubt
"Lincoln County, NM, USA"	33.782546	-105.445153	success
"Tokyo, Japan"	35.695126	139.75391	doubt
"Pau, France"	43.312063	-0.352943	success
"Las Vegas, NV, USA"	36.190364	-115.279104	success
"Islamabad, Pakistan"	33.72148	73.04329	success
"Cusco, Peru"	-12.658904	-72.800758	doubt
"Taipei, Taiwan"	25.058464	121.549514	success
Vietnam	21.732568	105.396672	doubt
India	22.412321	79.132924	doubt
Netherlands	52.554205	5.501896	doubt
Ukraine	49.219469	33.023452	doubt
"Near Leningrad, USSR"	failed	failed	failed
"New York, NY, USA"	40.68295	-73.9708	success
"Orocovis, Puerto Rico"	18.216099	-66.434014	doubt
"Cranbrook, BC, Canada"	49.53214	-115.75812	success
Denmark	55.966966	9.018163	doubt
"Da Nang, Vietnam"	16.06778	108.22083	doubt
Russia	63.314401	93.884016	doubt
"MT 2, Butte-Silver Bow, MT, USA"	45.940117	-112.507864	doubt
"Taipei, Taiwan"	25.058464	121.549514	success
"Mahaffey, PA, USA"	40.875301	-78.727508	success
South Africa	-29.708985	23.666291	doubt
"Dayton, OH, USA"	39.760983	-84.198952	success
"New Castle, DE, USA"	39.664685	-75.566167	success
"Arr. de Pointe-a-Pitre, France"	16.33333	-61.41667	success
"Huntington, WV, USA"	38.413815	-82.428601	success
"Can Tho, Vietnam"	10.112683	105.524274	doubt
"Anchorage, AK, USA"	61.195429	-149.358257	success
"Nha Trang, Vietnam"	12.25	109.18333	success
Vietnam	21.732568	105.396672	doubt
"Dhaka, Bangladesh"	23.7104	90.40744	success
"Delhi, India"	24.734319	81.334404	doubt
"Constanta, Romania"	44.154529	28.305084	doubt
Pakistan	29.328493	68.546268	doubt
"St Thomas Mount, Tamizhagam, India"	13.005374	80.1907	doubt
Pakistan	29.328493	68.546268	doubt
"Algiers, Algeria"	36.7525	3.04197	doubt
"Saint Petersburg, Russia"	59.911039	30.340232	success
Libya	26.666955	18.030248	doubt
"Edison, NJ, USA"	40.504919	-74.367954	success
"Zurich, Switzerland"	failed	failed	failed
"Privas, France"	44.730768	4.597281	success
Peru	-12.98078	-72.876651	doubt
"Surgut, Russia"	61.244863	73.401863	success
"São Pedro da Aldeia, Brazil"	-22.835366	-42.118568	success
South Korea Kangwon-Do Sokcho-si Sokcho	38.199338	128.58899	success
"Mérida, Venezuela"	8.494073	-71.308093	doubt
Russia	63.314401	93.884016	doubt
"Aguadilla, Puerto Rico"	18.449202	-67.154594	success
Ecuador	-1.241567	-78.322784	doubt
"Guwahati, India"	26.174722	91.774975	success
"Ontario, CA, USA"	34.03134	-117.604914	success
Ukraine	49.219469	33.023452	doubt
"San Jose, Philippines"	12.35275	121.06761	success
"Kayenta, AZ, USA"	36.709121	-110.255667	success
Amalie C. Ertel (Wrack)	53.996833	8.3645	success
"Manchester, NH, USA"	42.974874	-71.428478	success
"Coolidge, AZ, USA"	32.986698	-111.540578	success
"New Guatemala, Guatemala"	14.64072	-90.51327	success
"Alaska, USA"	64.724809	-153.629618	doubt
"Rijeka, Croatia"	45.310092	17.129622	doubt
"Cape Town, South Africa"	-33.915366	18.543149	success
"Roanoke, VA, USA"	37.278298	-79.959272	success
"Copenhagen, Denmark"	55.704438	12.502119	doubt
"Tikaka, Sudan"	failed	failed	failed
"Duarte, CA, USA"	34.185609	-117.936392	success
"New Haven, CT, USA"	41.308658	-72.925297	success
"N, Birmingham/Wolverhampton/Walsall/Dudley, England, United Kingdom"	52.585574	-2.122212	doubt
"Arica, Chile"	-18.463304	-70.295559	success
"Garberville, CA, USA"	40.096901	-123.794472	success
"Hokkaido Prefecture, Japan"	43.449217	142.777095	success
"Anchorage, AK, USA"	61.195429	-149.358257	success
"Bamako, Mali"	12.65	-8	success
"Manila, Philippines"	14.6042	120.9822	success
"Irkutsk, Russia"	52.282563	104.315805	success
Japan	36.13793	138.441899	doubt
"San Francisco, CA, USA"	37.778008	-122.431272	success
"Pau, France"	43.312063	-0.352943	success
"Irkutsk, Russia"	55.648107	105.565969	success
"Valdez, AK, USA"	61.097679	-146.312352	success
"Pegnitz, Germany"	49.753293	11.541875	success
"Augusta, ME, USA"	44.33272	-69.731956	success
"Chinnaman?r, India"	9.83999	77.38109	success
"Juneau, AK, USA"	58.503052	-134.249544	success
"Hasloh, Germany"	53.694838	9.92328	success
"Jackson, MS, USA"	32.30835	-90.229913	success
Russia	63.314401	93.884016	doubt
"Kyiv City, Ukraine"	50.121609	30.435489	success
"Sena Madureira, Brazil"	-9.069732	-68.654564	success
"Aerseele, Belgium"	50.995662	3.420598	success
"Moscow, Russia"	55.741469	37.615561	success
"Colorado City, AZ, USA"	36.980806	-112.982989	success
"Hot Springs, VA, USA"	37.999059	-79.819208	success
"Puerto Rico, Colombia"	1.875745	-75.030474	doubt
"Peoria, IL, USA"	40.760334	-89.615639	success
"Quy Nhon, Vietnam"	13.726053	109.16044	doubt
"Bath, PA, USA"	40.727489	-75.39266	success
"Livorno, Italy"	43.05059	10.623993	doubt
"Padang, Philippines"	13.2196	123.7655	doubt
Russia	63.314401	93.884016	doubt
Taiwan	23.798532	120.955426	doubt
"Hue, Vietnam"	16.462624	107.570819	doubt
"Saratov, Russia"	51.544288	46.008014	success
"Raleigh, NC, USA"	35.795543	-78.64439	success
"Cazombo, Angola"	-11.889573	22.900039	success
"Sofia, Bulgaria"	42.685984	23.326714	success
"Huánuco, Peru"	-9.707104	-76.176674	doubt
"Chetumal, Mexico"	18.514317	-88.300503	success
"Sierra Circle, Kent County, DE, USA"	38.968486	-75.57219	doubt
"Chambers, NE, USA"	42.204762	-98.748606	success
"Adana, Turkey"	37.00167	35.32889	success
"Funza, Colombia"	4.71638	-74.21195	success
"Betania, Colombia"	5.732542	-75.989257	doubt
"Hermsdorf, Czechia"	50.8969	15.00635	doubt
"Tegal, Indonesia"	-7.030024	109.198608	success
"Pha Khao, Laos"	failed	failed	failed
"BattleMountain, Nevada"	failed	failed	failed
"Valledupar, Colombia"	10.46314	-73.25322	success
"Viangchan, Laos"	18.846354	102.315852	doubt
"Jackson, MS, USA"	32.30835	-90.229913	success
"Little Rock, AR, USA"	34.713561	-92.355844	success
"Fairfield, ID, USA"	43.35083	-114.804487	success
"Hawaii, USA"	19.647634	-155.533256	success
"Albany, NY, USA"	42.65756	-73.789994	success
"Fort Worth, TX, USA"	32.729442	-97.33181	success
"Fujairah, United Arab Emirates"	25.493374	56.237338	doubt
"Mountainside, Gordon's Bay, South Africa"	-34.164195	18.866039	success
Laos	19.43535	102.560667	doubt
"San Fernando, Venezuela"	7.496629	-66.938509	doubt
"Rio de Janeiro, Brazil"	-22.935024	-43.518246	success
"Carabinieri di Amaseno, Amaseno, Italy"	41.468499	13.335536	doubt
"New York, NY, USA"	40.68295	-73.9708	success
"Addis Ababa, Ethiopia"	9.02497	38.74689	success
"Moyobamba, Peru"	-6.03416	-76.97168	success
Laos	19.43535	102.560667	doubt
Vietnam	21.732568	105.396672	doubt
"Bratsk, Russia"	56.1325	101.61417	success
"Carini, Italy"	38.131744	13.190058	success
Venezuela	7.18646	-64.568705	doubt
"Gia Dinh, Vietnam"	10.954552	108.22225	doubt
"Albuquerque, NM, USA"	35.128683	-106.579128	success
"Lobito, Angola"	-12.101364	13.88649	doubt
"Helgoland, Germany"	54.180729	7.889039	success
"Dulac, LA, USA"	29.391673	-90.708591	success
"Cruzeiro do Sul, Brazil"	-7.611057	-72.682291	success
"Fort Worth, TX, USA"	32.729442	-97.33181	doubt
"Valdez, AK, USA"	61.097679	-146.312352	success
"Winfield, KS, USA"	37.237577	-96.989359	success
Morocco	31.649504	-7.189711	doubt
"Pleiku, Vietnam"	13.98333	108	success
"Santiago, Chile"	-33.428532	-70.630133	success
Vietnam	21.732568	105.396672	doubt
"Delhi, India"	28.709498	77.184029	success
"Pleiku, Vietnam"	13.98333	108	success
"Smiley, TX, USA"	29.271386	-97.637428	success
"Hu?, Vietnam"	16.46667	107.6	success
"Khar'Kovskiy, Russia"	44.47369	41.144912	doubt
"London Heathrow, London, England, United Kingdom"	51.46735	-0.458127	success
"Ponce, Puerto Rico"	18.002433	-66.6248	success
"Hornell, NY, USA"	42.323765	-77.658788	success
"Appleton, WI, USA"	44.265929	-88.394699	success
"Blackpool, England, United Kingdom"	53.8141	-3.03862	doubt
"Nevada, USA"	39.440688	-116.598569	doubt
"San Francisco, CA, USA"	37.778008	-122.431272	success
"Santa Cruz de Tenerife, Spain"	28.225896	-16.617658	doubt
"Quang Tri, Vietnam"	16.760572	106.924508	doubt
Norway	61.356908	9.680372	doubt
"Corfu, Greece"	39.620308	19.921573	success
"Villavicencio, Colombia"	4.142	-73.62664	success
South Korea Seoul Yongsan-gu nearmyB	37.478453	127.143411	success
"Delhi, India"	24.734319	81.334404	doubt
Germany	51.196755	9.62743	doubt
Myanmar	21.576814	96.06596	doubt
Venezuela	7.18646	-64.568705	doubt
Papua New Guinea	-5.695438	143.910495	success
"Magnitogorsk, Russia"	53.410905	59.058992	success
Papua New Guinea	-5.695438	143.910495	doubt
"La Santisima Trinidad, Bolivia"	-14.84051	-64.903129	success
"Gondar, Ethiopia"	12.6	37.46667	success
"Dhulikhel, Nepal"	27.6221	85.54281	success
"Sacramento, CA, USA"	38.57873	-121.466786	success
Vietnam	21.732568	105.396672	doubt
"Madrid, Spain"	40.429913	-3.669245	success
"Kampot, Cambodia"	10.841424	104.277499	success
"Adler, Russia"	43.426364	39.924876	success
"N, Birmingham/Wolverhampton/Walsall/Dudley, England, United Kingdom"	52.585574	-2.122212	doubt
"Krasnaya Polyana, Russia"	56.243604	51.149119	success
"San Fernando, Chile"	-34.587597	-70.989859	success
"The Harbor, AK, USA"	58.41028	-134.75583	success
"Athens, Greece"	37.988579	23.728541	doubt
Vanuatu	-15.388977	166.885687	success
"Noiretable, France"	45.800169	3.78578	doubt
"Poggiorsini, Italy"	40.916778	16.254425	success
Vietnam	21.732568	105.396672	doubt
"Plovdiv, Bulgaria"	42.270149	24.805893	doubt
"Elkton, KY, USA"	36.814831	-87.156352	success
"Moscow, Russia"	55.741469	37.615561	success
"St. Paul, MN, USA"	44.95304	-93.09013	success
"Sta Cruz, Spain"	28.462493	-16.261104	doubt
Egypt	26.42231	29.227089	doubt
"Myrtle Beach, SC, USA"	33.673182	-78.923671	success
Canada	58.33747	-112.384858	doubt
"Rawalpindi, Pakistan"	33.6007	73.0679	success
"Walla Walla, WA, USA"	46.065746	-118.332706	success
"Chicago, IL, USA"	41.821842	-87.671697	success
"Detroit, MI, USA"	42.398649	-83.164515	success
"Chicago, IL, USA"	41.87897	-87.66063	success
"Pakse, Laos"	15.12022	105.79898	success
"Off Street, Warrensburg, IL, USA"	39.927112	-89.06305	doubt
Norway	61.356908	9.680372	doubt
"Everglades National Park, Monroe, FL, USA"	25.312897	-80.937293	success
"San Juan, Puerto Rico"	18.413528	-66.061559	doubt
"Edmonton, AB, Canada"	53.546218	-113.490371	success
"England, United Kingdom"	52.59431	-1.461208	doubt
"Molotov, Russia"	57.987702	56.243633	success
"Kano, Nigeria"	12.00012	8.51672	success
"Townsend, TN, USA"	35.672186	-83.756306	success
"Tegucigalpa, Honduras"	14.0818	-87.20681	success
"Kyrenia, Cyprus"	35.303296	33.205795	doubt
"Kasigluk, AK, USA"	60.8748	-162.526726	success
"Prague, OK, USA"	35.488426	-96.686522	success
"Morgan City, LA, USA"	29.702967	-91.199164	success
"Cerro Horqueta, Panama"	8.826509	-82.445606	success
Egypt	26.42231	29.227089	doubt
"Londonderry, VT, USA"	43.204898	-72.804887	success
"Saint Petersburg, Russia"	59.911039	30.340232	success
"Semey, Kazakhstan"	50.42675	80.26669	success
"Szczecin, Poland"	53.439846	14.54859	success
"Szczecin, Poland"	53.439846	14.54859	success
"Nabire, Indonesia"	-3.365251	135.501765	success
"Moscow, Russia"	55.741469	37.615561	success
"Funchal, Portugal"	32.653916	-16.936092	doubt
"Nantes, France"	47.228973	-1.554004	success
Laos	19.43535	102.560667	doubt
"Hyderabad, India"	17.455891	78.402807	success
"Off Brunswick, Maine"	failed	failed	failed
"Ben Me Thuot, South Vietnam"	failed	failed	failed
"Hochwald, Switzerland"	47.455714	7.639193	success
"Sunnyvale, CA, USA"	37.3816	-122.025875	success
"California, USA"	36.531544	-119.586168	doubt
Afghanistan	34.159326	66.51551	doubt
"Davenport, IA, USA"	41.557574	-90.606945	success
"Greenville, ME, USA"	45.46798	-69.581053	success
"Alaska, USA"	64.724809	-153.629618	doubt
"Chita, Russia"	52.049608	113.460101	success
"Svay Rieng, Cambodia"	11.14049	105.832197	doubt
"Rimouski, QC, Canada"	48.424607	-68.559021	success
"Delhi, India"	28.709498	77.184029	success
"Sao Luis, Brazil"	-2.527392	-44.277191	success
"Goussainville, France"	49.029407	2.463413	success
"Rio de Janeiro, Brazil"	-22.935024	-43.518246	success
"Puerto Vallarta, Mexico"	20.647833	-105.217206	success
"Amman, Jordan"	31.95522	35.94503	success
"Paris, France"	48.859116	2.331839	success
Papeete	-17.53333	-149.56667	doubt
"St. Louis, MO, USA"	38.635957	-90.239861	success
"Kaneohe, HI, USA"	21.40572	-157.789396	success
"Hilton Boston Logan Airport, Boston, MA, USA"	42.36735	-71.023088	doubt
"Ketchikan, AK, USA"	55.356304	-131.683165	success
"Domodedovo, Russia"	55.435728	37.764446	success
Spain	40.09095	-3.464618	doubt
Haiti	19.251299	-72.294701	doubt
"Baku, Azerbaijan"	40.37767	49.89201	success
"Yopal, Colombia"	5.257883	-72.252521	doubt
"Bogotá, Colombia"	4.60971	-74.08175	success
"Huete, Spain"	40.144913	-2.689782	success
"Los Angeles County Fire Department Station #60, Long Beach, CA, USA"	33.806124	-118.164175	success
"Gary, IN, USA"	41.589885	-87.346786	success
"King Cove, AK, USA"	55.079157	-162.296086	success
"Paintsville, KY, USA"	37.809195	-82.803049	success
"Moganik, Yugoslavia"	failed	failed	failed
"Natchitoches Parish, LA, USA"	31.734234	-93.156414	doubt
"Eagleville, CA, USA"	41.317965	-120.11351	success
"Lincoln, NE, USA"	40.802759	-96.663162	success
"Arkansas, USA"	34.755883	-92.640559	doubt
"Miritituba, Brazil"	-4.300519	-55.966045	success
"Ekaterinburg, Russia"	56.858724	60.609505	success
"Magadan, Russia"	63.240523	154.925431	doubt
"Itaituba, Brazil"	-4.254161	-55.992342	success
"Guanabara, Brazil"	-20.28715	-50.926807	success
Iceland	64.779262	-18.673522	doubt
"La Verne, CA, USA"	34.120301	-117.772902	success
"Villavicencio, Colombia"	4.142	-73.62664	success
"Albuquerque, NM, USA"	35.128683	-106.579128	success
"Boston, MA, USA"	42.355492	-71.048611	success
"Quang Ngai, Vietnam"	15.008864	108.644286	doubt
"Moscow, Russia"	55.741469	37.615561	success
"Churchill Falls, NL, Canada"	53.526409	-63.980679	success
"Alaska, USA"	64.724809	-153.629618	doubt
"Vilnius, Lithuania"	54.700902	25.251531	success
"Rome, Italy"	41.878243	12.52809	success
"Manhattan, KS, USA"	39.191103	-96.598473	success
"Talara, Peru"	-4.57722	-81.27194	doubt
South Korea Seoul Yongsan-gu nearmyB	37.478453	127.143411	success
"Tétouan, Morocco"	35.57845	-5.36837	success
"Lvov, Sofia, Bulgaria"	42.695403	23.272317	success
"Durban, South Africa"	-29.849386	31.03366	success
"Turin, Italy"	45.059405	7.652514	success
Bolivia	-16.640652	-64.661928	doubt
"Johnstown, PA, USA"	40.329353	-78.918387	success
Russia	63.314401	93.884016	doubt
Colombia	3.420497	-73.166783	doubt
"La Paz, Bolivia"	-16.5	-68.15	success
Colombia	3.420497	-73.166783	doubt
"Rostov Oblast, Russia"	47.535649	41.012116	doubt
"Goldendale, WA, USA"	45.821036	-120.819375	success
"Izmir, Turkey"	38.41273	27.13838	success
"Pueblo, NM, USA"	35.325693	-105.438325	doubt
"Winger, MN, USA"	47.537505	-95.986876	success
"Pago Pago, American Samoa"	-14.280733	-170.686	success
"Kaneohe, HI, USA"	21.40572	-157.789396	success
"Souda, Greece"	35.488225	24.073729	success
AtlantiOcean	failed	failed	failed
"Baltimore, MD, USA"	39.319732	-76.649533	success
Bolivia	-16.640652	-64.661928	doubt
Iran	31.931398	55.245317	doubt
"Ermenonville, France"	49.126761	2.697972	success
"Hanoi, Vietnam"	21.0245	105.84117	success
"Carson City, NV, USA"	39.164632	-119.724999	success
"Bishop, CA, USA"	37.367319	-118.397148	success
"Tehran, Iran"	35.69439	51.42151	success
"North-East, Botswana"	-21.168761	27.50629	doubt
"Hilo, HI, USA"	19.698059	-155.076152	success
"Bali, Indonesia"	-8.371934	115.215949	doubt
"Tashkent, Uzbekistan"	41.26465	69.21627	success
"Saint Petersburg, Russia"	59.911039	30.340232	success
"Galveston, TX, USA"	29.28592	-94.81164	success
"Baños, Ecuador"	-1.39699	-78.42289	success
"Nuremberg, Germany"	49.446007	11.07977	success
"Springfield, IL, USA"	39.856714	-89.696334	success
"Kyiv City, Ukraine"	50.121609	30.435489	success
"Rankin Inlet, NU, Canada"	62.853792	-92.182431	success
"San Isidro, Colombia"	10.96667	-74.8	doubt
"Bat Dambang, Cambodia"	13.085537	103.176229	success
"Alaska, USA"	64.724809	-153.629618	doubt
"Bogotá, Colombia"	4.60971	-74.08175	success
Vietnam	21.732568	105.396672	doubt
"R. Apicas, Coxipó da Ponte, Brazil"	-15.597589	-56.065912	doubt
Syria	35.008917	38.290599	doubt
"Ouagadougou, Burkina Faso"	12.36566	-1.53388	doubt
"Santiago de Cali, Colombia"	3.43722	-76.5225	success
"Anaktuvuk Pass, AK, USA"	68.154468	-151.709778	doubt
"Margarita Island, Venezuela"	failed	failed	failed
"La Paz, Bolivia"	-16.5	-68.15	success
"Kisangani, Democratic Republic of Congo"	0.51528	25.19099	success
"Tanjungkarang, Indonesia"	-5.416886	105.273241	success
Ionian Sea	38.181236	18.622525	success
"Charlotte, NC, USA"	35.19534	-80.81711	success
"Phan Rang-Tháp Chàm, Vietnam"	11.56667	108.98333	success
"Riverside, CA, USA"	33.949274	-117.36368	success
"Fairbanks, AK, USA"	64.82944	-147.629116	success
"Alaska, USA"	64.724809	-153.629618	doubt
US Virgin Islands	17.73951	-64.783592	doubt
"Alaska, USA"	64.724809	-153.629618	doubt
"Cairo, Egypt"	30.06263	31.24967	success
Steffen strait	-2.667037	150.622276	doubt
"Alaska, USA"	64.724809	-153.629618	doubt
"Calapan, Philippines"	13.348817	121.189434	doubt
"Fort Apache, AZ, USA"	33.791535	-109.988808	success
"Blair, OK, USA"	34.780051	-99.333065	success
"Illinois, USA"	40.265028	-89.191575	doubt
"Willow, AK, USA"	61.830766	-149.7623	success
"515 Old Mans Camp Vw, El Paso County, CO, USA"	38.840846	-104.936492	doubt
"Pagosa Springs, CO, USA"	37.26262	-107.017472	success
"Northwest Territories, Canada"	66.146924	-125.335712	doubt
"Sonderborg, Denmark"	54.913672	9.802114	doubt
"Hoonah, AK, USA"	58.113864	-135.429133	success
"Manila, Philippines"	14.6042	120.9822	success
Ethiopia	7.996115	38.896778	doubt
"Nairobi, Kenya"	-1.28333	36.81667	success
"Barcelona, Spain"	41.400347	2.159592	success
"Thiells, NY, USA"	41.204237	-74.016362	doubt
"Berryville, VA, USA"	39.151597	-77.982524	success
"Maskeliya, Sri Lanka"	6.8343	80.5676	success
"Harborside Pizza, Cordova, AK, USA"	60.542133	-145.763098	doubt
"Mohoabatsana, South Africa"	-30.462642	28.459875	success
"Bukhoro, Uzbekistan"	40.012587	63.875724	success
"Maturín, Venezuela"	9.75	-63.17667	success
"Riverton Heights, Riverton, UT, USA"	40.524809	-111.957463	success
"Carpathian Mountains, Romania"	47.000571	25.501719	success
"Moscow, Russia"	55.741469	37.615561	success
"Nha Trang, Vietnam"	12.25	109.18333	success
"Palmer, KS, USA"	39.633957	-97.140257	success
"Sierra del Aconquija, Argentina"	failed	failed	failed
"Near Doncello, Colombia"	failed	failed	failed
"Whittier, CA, USA"	34.019023	-118.16576	success
"Juneau, AK, USA"	58.503052	-134.249544	success
"Budapest, Hungary"	47.516581	19.092281	doubt
"Samsung, Laos"	17.978081	102.62713	doubt
"Constantinople, Turkey"	41.01384	28.94966	success
"Santo Domingo, Dominican Republic"	18.50012	-69.98857	success
"Valdez, AK, USA"	61.097679	-146.312352	success
"Houston, Texas"	failed	failed	failed
"Manila, Philippines"	14.6042	120.9822	success
"Souda, Scio, Greece"	38.376457	26.137774	success
"Fairbanks, Alaska"	failed	failed	failed
"Medellín, Colombia"	6.25184	-75.56359	success
"São Paulo, Brazil"	-21.034508	-41.073083	success
"Waterford, WI, USA"	42.763453	-88.21635	success
"Pleiku, Vietnam"	13.98333	108	success
Argentina	-33.528049	-64.168459	doubt
"Singa, Sudan"	13.15	33.93333	success
"Quilcene, WA, USA"	47.837293	-122.90916	success
"Ho Chi Minh City, Vietnam"	10.75	106.66667	success
"Goleta, CA, USA"	34.4317	-119.873374	success
"Alaska, USA"	64.724809	-153.629618	doubt
"Sardinata, Colombia"	8.08289	-72.80071	success
"Cape Paterson, VIC, Australia"	-38.671372	145.613111	doubt
"Savoonga, AK, USA"	63.676995	-170.50487	success
"Sakon Nakhon, Thailand"	17.441974	103.712467	doubt
"Manila, Philippines"	14.6042	120.9822	success
Brazil	-11.928923	-49.542449	doubt
"MTA JFK Airport Terminal 5 Bus, Queens, New York, NY, USA"	40.647226	-73.779789	success
"Toledo, OH, USA"	41.673767	-83.563838	success
"Saravena, Colombia"	6.909091	-71.847396	doubt
"Nantes, France"	47.228973	-1.554004	success
"Colina, Chile"	-33.214059	-70.685046	success
"Bogotá, Colombia"	4.60971	-74.08175	success
"Homer, AK, USA"	59.644845	-151.502169	success
"Poway, CA, USA"	32.985675	-117.025023	success
"Batumi, Georgia"	41.64159	41.63593	doubt
"Imlay City, MI, USA"	43.016404	-83.076722	success
"Taipei, Taiwan"	25.058464	121.549514	success
Morocco	31.649504	-7.189711	doubt
"Amapala, Honduras"	13.29222	-87.65389	doubt
"Denver, CO, USA"	39.740959	-104.985798	success
"Krasnovodsk, USSR"	failed	failed	failed
"Damascus, Syria"	33.5102	36.29128	success
"Minford, OH, USA"	38.861201	-82.856498	success
"el salvador, El Salvador"	13.66845	-89.27004	doubt
"Gambell, AK, USA"	63.761297	-171.717375	success
"Leipzig-Halle, Germany"	51.419977	12.223148	doubt
Ethiopia	7.996115	38.896778	doubt
"Palembang, Indonesia"	-2.984665	104.764678	success
"Beirut, Lebanon"	33.88432	35.501527	doubt
"Tanatorio, Pozo Cañada, Spain"	38.799399	-1.740922	success
"Barranquilla, Colombia"	10.96389	-74.79639	success
"Cairns Airport, Aeroglen, QLD, Australia"	-16.878549	145.751538	success
"Zephyr Cove, NV, USA"	39.002659	-119.939957	success
Bolivia	-16.640652	-64.661928	doubt
"Prague, OK, USA"	35.488426	-96.686522	doubt
"Gulf of Mexico Drive, Longboat Key, FL, USA"	27.346007	-82.603816	doubt
"State College, PA, USA"	40.793203	-77.857327	success
Guatemala	14.989397	-90.522408	doubt
"Via Kharkov, Bologna, Italy"	44.506359	11.378382	success
"Novgorod, Russia"	58.266678	31.988722	doubt
"Sofia, Bulgaria"	42.685984	23.326714	success
Egypt	26.42231	29.227089	doubt
"Hertfordshire, England, United Kingdom"	51.846273	-0.145641	doubt
"Elko, NV, USA"	40.832322	-115.770579	success
"Eastern Visayas, Philippines"	11.25006	124.953073	doubt
"Rollinsville, CO, USA"	39.924646	-105.518714	success
Saudi Arabia	23.806678	44.700847	doubt
"Moscow, Russia"	55.741469	37.615561	success
"Anchorage, AK, USA"	61.195429	-149.358257	success
"Grants, NM, USA"	35.155712	-107.828506	success
"Mactan, Philippines"	10.3	124	doubt
"Bogotá, Colombia"	4.60971	-74.08175	success
"Orofino, ID, USA"	46.482272	-116.253528	success
"San Borja, Bolivia"	-14.81667	-66.85	success
"Loja, Ecuador"	-4.116685	-79.59763	doubt
"Shanghai, China"	31.246027	121.483385	success
"Chapeco, Brazil"	-27.087466	-52.623305	success
Kyrgyzstan	41.68268	74.524734	doubt
"Lafayette, LA, USA"	30.211987	-92.031897	success
"Santa María, Colombia"	2.936398	-75.635527	doubt
"Madrid, Spain"	40.429913	-3.669245	success
"Alaska, USA"	64.724809	-153.629618	doubt
"Van Nuys, Los Angeles, CA, USA"	34.186307	-118.459015	doubt
"Irkutsk, Russia"	52.282563	104.315805	success
"St. Croix County, WI, USA"	45.035871	-92.45279	doubt
"Sibiu, Romania"	45.880647	24.311196	doubt
Bolivia	-16.640652	-64.661928	doubt
"Voronezh, Russia"	51.671793	39.164955	success
"Igiugig, AK, USA"	59.304162	-155.871962	success
"California, USA"	36.531544	-119.586168	doubt
"Havana, Cuba"	23.133905	-82.366128	success
"Puerto Asís, Colombia"	0.509094	-76.410633	doubt
"Ketchikan, AK, USA"	55.356304	-131.683165	success
"Friday Harbor, WA, USA"	48.531925	-123.022384	success
"Aspen, CO, USA"	39.20067	-106.835836	success
"Neuquen, Argentina"	-38.391341	-69.655214	doubt
"Palm Desert, CA, USA"	33.750378	-116.368654	success
"Gulf of Mexico Drive, Longboat Key, FL, USA"	27.346007	-82.603816	doubt
"Anaktuvuk Pass, AK, USA"	68.154468	-151.709778	doubt
"St Thomas Mount, Tamizhagam, India"	13.005374	80.1907	doubt
"Monze, Zambia"	-16.28333	27.48333	success
Philippines	16.932122	121.387948	doubt
"Kozani, Greece"	40.301712	21.788841	success
Spain	40.09095	-3.464618	doubt
"Chernigov, Sofia, Bulgaria"	42.716714	23.274242	success
"Petersburg Census Area, AK, USA"	56.782967	-133.500026	doubt
"Zamboanga City, Philippines"	6.91028	122.07389	success
"Ela Nguema, Equatorial Guinea"	3.753446	8.795103	doubt
"Hagåtña, Guam"	13.471739	144.755288	success
"Kota Kinabalu, Malaysia"	5.999236	116.108811	doubt
"Colorado, USA"	38.996664	-105.547822	doubt
"Entebbe, Uganda"	0.06444	32.44694	success
"Daikuma, Japan"	33.733532	135.370839	doubt
"Huntsville, MO, USA"	39.436824	-92.545956	success
"Greensburg, KS, USA"	37.605053	-99.292951	success
"Bratislava, Slovakia"	48.165064	17.145673	success
"Vermont, USA"	44.211857	-72.681238	doubt
"Tehran, Iran"	35.69439	51.42151	success
Ecuador	-1.241567	-78.322784	doubt
"Sunnyside, UT, USA"	39.55448	-110.397504	success
Peru	-12.98078	-72.876651	doubt
"Søndre Strømfjord, Greenland"	67.000788	-50.691432	success
"Thorney, England, United Kingdom"	52.624633	-0.093181	success
"Ho Chi Minh City, Vietnam"	10.75	106.66667	success
"Ilha do Faial, Portugal"	38.582102	-28.697398	doubt
"Timmins, ON, Canada"	48.494105	-81.280241	success
"Adler, Russia"	43.426364	39.924876	doubt
Croatia	45.805356	16.375139	doubt
"Karatepe, Turkey"	36.90333	38.87528	success
"Limekiln Canyon Creek, San Jose, CA, USA"	37.133179	-121.778155	doubt
"San Bernardino, CA, USA"	34.136809	-117.29278	success
"Alpena, MI, USA"	45.06545	-83.452509	success
"Nairobi, Kenya"	-1.28333	36.81667	success
"Bridgetown, Barbados"	13.1	-59.61667	doubt
"North Carolina, USA"	35.387362	-78.455056	doubt
"Mumbai, India"	19.10109	72.875449	success
"Santa Cruz de la Sierra, Bolivia"	-17.788573	-63.186492	doubt
"Hampton, VA, USA"	37.03393	-76.319456	success
"Yopal, Colombia"	5.257883	-72.252521	doubt
Brazil	-11.928923	-49.542449	doubt
"Banjarmasin, Indonesia"	-3.329631	114.600702	success
AtlantiOcean	failed	failed	failed
"Shannon, Ireland"	52.701357	-8.907781	success
"Kisangani, Democratic Republic of Congo"	0.51528	25.19099	doubt
"Moscow, Russia"	55.741469	37.615561	success
"Arizona, USA"	34.255149	-111.62621	doubt
"Cape May County, NJ, USA"	39.033564	-74.879239	doubt
"Kyiv City, Ukraine"	50.121609	30.435489	success
"Bangkok, Thailand"	13.881591	100.644533	success
"Wisconson Road, Hidalgo County, TX, USA"	26.256351	-98.06919	doubt
"Trujillo, Peru"	-8.11599	-79.02998	success
"Palm Springs, CA, USA"	33.807808	-116.527883	success
"Qiryat Atta, Israel"	32.81034	35.11255	doubt
"Anchorage, AK, USA"	61.195429	-149.358257	success
"Terrace, BC, Canada"	54.457409	-128.57572	success
"Kälvesta, Stockholm, Sweden"	59.38386	17.856144	doubt
"San Ramón, Bolivia"	-13.28333	-64.71667	success
"Bratislava, Slovakia"	48.315715	17.174044	doubt
"Mineral'nyye Vody, Russia"	44.212123	43.128994	success
Canada	58.33747	-112.384858	doubt
"Aden, Yemen"	12.77944	45.03667	doubt
"Cascina, Italy"	43.675623	10.548637	success
"Niamey, Niger"	13.51366	2.1098	success
"St. Louis, MO, USA"	38.635957	-90.239861	success
"British Columbia, Canada"	54.790277	-124.557003	doubt
"Sta Cruz, Spain"	28.462493	-16.261104	doubt
Indonesia	-1.003189	101.972332	doubt
Russia	63.314401	93.884016	doubt
Georgia	41.870087	43.735725	doubt
"Bogotá, Colombia"	4.60971	-74.08175	doubt
"Tapa, Estonia"	59.262896	25.953783	success
"New Guatemala, Guatemala"	14.64072	-90.51327	success
Jordan	30.802278	36.391378	doubt
"Beiruit, Lebanon"	failed	failed	failed
"Lusaka, Zambia"	-15.40669	28.28713	success
"New York, NY, USA"	40.68295	-73.9708	success
"Havana, Cuba"	23.133905	-82.366128	success
"Houma, LA, USA"	29.584505	-90.690407	success
"Natal, Brazil"	-5.803737	-35.218408	success
Uruguay	-32.838882	-56.01682	doubt
Wake Island	19.285663	166.644535	doubt
"Kirovohrad, Ukraine"	48.514332	32.260826	doubt
"Cuangar, Angola"	-16.961746	18.143719	doubt
"Jimma, Ethiopia"	7.66667	36.83333	success
"Ruby, AK, USA"	64.721693	-155.501423	success
"Port Montt, Chile"	-41.455722	-72.936617	success
"Yoro, Honduras"	15.194218	-87.344657	doubt
"Idaho, USA"	43.764877	-114.964267	doubt
"Encino, Los Angeles, CA, USA"	34.15775	-118.500706	doubt
"El Bolsón, Argentina"	-41.96667	-71.51667	success
"New Mexico, USA"	34.498624	-106.108278	doubt
"Parkersburg, WV, USA"	39.275245	-81.54509	success
"San José, Costa Rica"	9.784326	-84.233914	doubt
"Alaska, USA"	64.724809	-153.629618	doubt
"Kailua Kona, HI, USA"	19.663716	-155.943933	success
"Hong Kong, Hong Kong"	22.28552	114.15769	success
"Minto, AK, USA"	65.080377	-149.591608	success
"Cuenca, Ecuador"	-2.90054	-79.00453	success
"Iliamna, AK, USA"	59.785817	-154.867857	success
"Lois Lake, Powell County, MT, USA"	46.650768	-112.483081	doubt
"Yakutat City and Borough, AK, USA"	59.860789	-139.582528	doubt
"Albuquerque, NM, USA"	35.128683	-106.579128	success
"Bucharest, Romania"	44.435842	26.085733	doubt
"Salida, CO, USA"	38.533254	-105.998938	success
"Kuala Lumpur, Malaysia"	3.160318	101.691466	success
"Stevens Pass, King County, WA, USA"	47.745315	-121.088861	doubt
"Louisiana, USA"	30.542601	-92.51441	doubt
"Mississippi, USA"	32.921921	-89.687118	doubt
Philippines	16.932122	121.387948	success
"Belgrade, Serbia"	44.80401	20.46513	success
"S. Cristobal de Las Casas, Mexico"	16.73337	-92.643545	success
"Funchal, Portugal"	32.653916	-16.936092	success
"Rome, Italy"	41.878243	12.52809	success
"Point Hope, AK, USA"	68.352905	-166.755464	success
"San Carlos de Bariloche, Argentina"	-41.14557	-71.30822	success
"Beziers, France"	43.347287	3.227421	success
"Pinehurst, NC, USA"	35.190635	-79.46695	success
Lebanon	34.095838	35.95658	doubt
"Sungai Johore, Kota Tinggi, Malaysia"	1.746111	103.787508	success
"Crescent City Connection, Gretna, LA, USA"	29.937748	-90.056794	doubt
"Tarko-Saley, USSR"	failed	failed	failed
"Santa Cruz de Tenerife, Spain"	28.225896	-16.617658	doubt
"Evansville, IN, USA"	37.982237	-87.535497	success
"Indiana, USA"	39.904493	-86.250281	doubt
"Ilha da Madeira, Portugal"	32.738702	-16.977516	doubt
"Salt Lake City, UT, USA"	40.773201	-111.933984	success
"Vieques, Puerto Rico"	18.12534	-65.436241	success
Canada	58.33747	-112.384858	doubt
"Giddings, TX, USA"	30.183545	-96.934114	success
"Antilles, Winter Beach, FL, USA"	27.708074	-80.42018	doubt
"Cuenca, Ecuador"	-2.90054	-79.00453	success
"Bandra, Mumbai, India"	19.058501	72.839328	doubt
"Marion County, IL, USA"	38.650643	-88.918966	doubt
"Dubois, PA, USA"	41.123189	-78.75642	success
Colombia	3.420497	-73.166783	doubt
"Eirunepé, Brazil"	-6.654078	-69.855219	success
Uruguay	-32.838882	-56.01682	doubt
"Richland, WA, USA"	46.295086	-119.2955	success
"Cranbrook, BC, Canada"	49.53214	-115.75812	success
"Nevada, USA"	39.440688	-116.598569	doubt
"Merrill Circle, Lakes, AK, USA"	61.572953	-149.337212	doubt
"Solvang, CA, USA"	34.596633	-120.14162	success
"Los Angeles, CA, USA"	34.05513	-118.25703	doubt
"Hagåtña, Guam"	13.471739	144.755288	success
"Kano, Nigeria"	12.00012	8.51672	success
"Caracas, Venezuela"	10.48801	-66.87919	doubt
"Laurel, MS, USA"	31.695144	-89.139761	success
"Michigan, USA"	43.924812	-84.633107	doubt
Bulgaria	42.501868	25.176846	doubt
"Riverside, CA, USA"	33.949274	-117.36368	success
"Okaraba, Burma"	failed	failed	failed
"Volta Redonda, Brazil"	-22.490487	-44.098374	success
"Galveston, TX, USA"	29.28592	-94.81164	doubt
"St Thomas Mount, Tamizhagam, India"	13.005374	80.1907	doubt
"Murmansk Oblast, Russia"	67.879451	35.019042	doubt
"Arlington, Bloomington, IN, USA"	39.171527	-86.540553	doubt
"Upolu Court, Bastrop County, TX, USA"	30.090353	-97.282627	doubt
"Bogotá, Colombia"	4.60971	-74.08175	success
"Whittier, AK, USA"	60.791269	-148.636477	success
"Pensacola, FL, USA"	30.439959	-87.176514	success
"Kochi-shi, Japan"	33.556213	133.557536	success
"Pochinok, Russia"	54.407596	32.448607	success
"Saint John, Antigua and Barbuda"	17.108788	-61.824679	doubt
"Toronto, ON, Canada"	43.64877	-79.38171	success
"Bergen, Norway"	60.354965	5.302935	doubt
"Nairobi, Kenya"	-1.28333	36.81667	success
Bolivia	-16.640652	-64.661928	doubt
"Labouchere Bay, AK, USA"	56.29639	-133.63222	success
"Raton, NM, USA"	36.898082	-104.436063	success
"Papun, Japan"	34.449261	135.457965	success
"Las Vegas, NV, USA"	36.190364	-115.279104	success
AtlantiOcean	failed	failed	failed
"British Columbia, Canada"	54.790277	-124.557003	doubt
"Conakry, Guinea"	9.51356	-13.703869	success
Zimbabwe	-18.919508	29.946601	doubt
"Savoy, IL, USA"	40.058202	-88.250826	success
"Mexico City, Mexico"	19.371422	-99.150344	success
"Wrangell City and Borough, AK, USA"	56.264538	-132.233617	success
"Parañaque, Philippines"	14.5	120.98333	success
AtlantiOcean	failed	failed	failed
"Monroe, MA, USA"	42.721378	-72.982614	success
"San Diego, CA, USA"	32.72793	-117.15529	success
"San Juan, Puerto Rico"	18.413528	-66.061559	doubt
"Kuopio, Finland"	62.856937	27.648468	success
"Mandalay, Myanmar"	21.97473	96.08359	success
"Ekaterinburg, Russia"	56.858724	60.609505	success
"Kenai, AK, USA"	60.563342	-151.196291	success
Solomon Islands	-8.078523	159.243596	doubt
"Sivash, Ukraine"	46.241354	33.736233	doubt
"Torreon, NM, USA"	35.800763	-107.213212	success
"Belem, Brazil"	-1.448755	-48.487867	success
"Alexandria, Egypt"	31.21564	29.95527	doubt
"Texas, USA"	31.030974	-98.326329	doubt
Sri Lanka	7.622919	80.68822	doubt
"Hays, KS, USA"	38.880315	-99.32497	success
"Post Office, Pelling, India"	27.300578	88.235895	doubt
India	22.412321	79.132924	doubt
"Rubio, Venezuela"	7.698063	-72.357845	success
"Hydaburg, AK, USA"	55.207124	-132.822116	success
"Canton, CT, USA"	41.765566	-72.690228	success
"Steamboat Springs, CO, USA"	40.469959	-106.813604	doubt
Italy	44.732552	11.077303	doubt
"Hyderabad, India"	17.455891	78.402807	success
"Morton, IL, USA"	40.606135	-89.467018	success
"Chevak, AK, USA"	61.528194	-165.59198	success
"Cinisi, Italy"	38.177505	13.103491	success
Turks and Caicos Islands	21.81663	-71.752704	doubt
"Portland, OR, USA"	45.533467	-122.650095	success
"Templeton, MA, USA"	42.574167	-72.078328	success
Russia	63.314401	93.884016	doubt
"Belgorod, Russia"	50.682284	38.012949	doubt
"Grand Rapids, MI, USA"	42.966709	-85.661973	success
"Béchar Province, Algeria"	30.405357	-2.074896	doubt
"Rodez, France"	44.359094	2.573531	success
"Trebinje, Bosnia and Herzegovina"	42.71197	18.34362	success
"Agudos, Brazil"	-22.462124	-48.990168	success
"Clarksburg, WV, USA"	39.259903	-80.351257	success
"Karibakken, Norway"	58.966576	9.867375	doubt
New Zealand	-45.175323	169.232531	doubt
Ethiopia	7.996115	38.896778	doubt
"Mouanda, Gabon"	-1.55746	13.21775	success
"Mississippi, USA"	32.921921	-89.687118	doubt
"Gulfport, MS, USA"	30.420791	-89.056882	success
"Galesburg, IL, USA"	40.95008	-90.374359	success
"Probolinggo, Indonesia"	-7.776174	113.203869	success
"Marina del Rey, CA, USA"	33.975996	-118.448356	doubt
Qatar	25.199602	51.160939	doubt
"Beijing, China"	39.937967	116.417592	success
"Moscow, Russia"	55.741469	37.615561	success
Russia	63.314401	93.884016	doubt
"Liepaja, Latvia"	56.546878	21.035109	doubt
"Nightmute, AK, USA"	60.496973	-164.849818	success
"Luanda, Angola"	-8.83682	13.23432	success
"Sainte-Foy, Quebec, QC, Canada"	46.769178	-71.309293	doubt
"Carrizozo, NM, USA"	33.64176	-105.81966	success
"Avalon, CA, USA"	33.337257	-118.33327	doubt
"Newark, NJ, USA"	40.718707	-74.185043	success
"Cuenca, Ecuador"	-2.90054	-79.00453	success
Russia	63.314401	93.884016	doubt
"Courtyard Chicago O'Hare, Des Plaines, IL, USA"	41.999976	-87.864998	doubt
"Shungnak, AK, USA"	66.881334	-157.15166	success
"Alaska, USA"	64.724809	-153.629618	doubt
"Dakar, Senegal"	14.6937	-17.44406	doubt
"Rockland, ME, USA"	44.126763	-69.130703	success
India	22.412321	79.132924	doubt
"Chicago, IL, USA"	41.87897	-87.66063	success
"Massachusetts, USA"	42.358752	-71.531484	doubt
Indonesia	-1.003189	101.972332	doubt
"Anchorage, AK, USA"	61.195429	-149.358257	success
Fiji	-17.834016	177.972004	doubt
"Kaneohe, HI, USA"	21.40572	-157.789396	doubt
"Beirut, Lebanon"	33.88432	35.501527	doubt
"St. Croix County, WI, USA"	45.035871	-92.45279	doubt
"England, United Kingdom"	52.59431	-1.461208	doubt
"Canton, OH, USA"	40.803621	-81.37499	success
"Leningrad Oblast, Russia"	60.129098	31.660968	success
"Panvel, India"	18.994842	73.117927	success
"Idaho, USA"	43.764877	-114.964267	doubt
"Flushing, Queens, New York, NY, USA"	40.75559	-73.81188	success
Egypt	26.42231	29.227089	doubt
"Dneprodzerzhinsk, Ukraine, USSR"	failed	failed	failed
"Bogotá, Colombia"	4.60971	-74.08175	success
"Nearly New, Princeton, NJ, USA"	40.352115	-74.652619	doubt
"Kirsanov, Russia"	52.648301	42.732792	success
"Iqaluit, NU, Canada"	63.757321	-68.522314	success
Russia	63.314401	93.884016	doubt
"Nice, France"	43.713667	7.264625	success
"Taipei, Taiwan"	25.058464	121.549514	doubt
"Klamath Falls, OR, USA"	42.234169	-121.792788	success
"Sarroch, Italy"	39.076491	9.015863	success
"Cañada Hornillos, Bolivia"	-17.68587	-65.13912	success
"Merced, CA, USA"	37.331751	-120.472344	success
"British Columbia, Canada"	54.790277	-124.557003	doubt
"Juneau, AK, USA"	58.503052	-134.249544	success
"Covington, KY, USA"	39.068385	-84.507836	success
"Athens, Greece"	37.988579	23.728541	success
"Anchorage, AK, USA"	61.195429	-149.358257	success
"Bloomington, IN, USA"	39.207854	-86.520118	success
"San Ysidro, San Diego, CA, USA"	32.556681	-117.047955	doubt
"Tijuana, Mexico"	32.497748	-116.962303	success
"Mexico City, Mexico"	19.371422	-99.150344	success
Canada	58.33747	-112.384858	doubt
"Greenville, SC, USA"	34.846404	-82.382065	success
"Salem, OR, USA"	44.917382	-123.031352	success
"Chicago, IL, USA"	41.87897	-87.66063	success
"Vologda, Russia"	59.653931	40.383988	doubt
"Utah, USA"	39.098999	-111.878816	doubt
"British Columbia, Canada"	54.790277	-124.557003	doubt
"Jeddah, Saudi Arabia"	21.51694	39.21917	doubt
"Mount Erebus, Antarctica"	-77.529413	167.149359	doubt
"San Andrés, Colombia"	12.58472	-81.70056	doubt
"Nome Census Area, AK, USA"	65.46799	-165.313501	doubt
"Cherskiy, Russia"	68.75325	161.33197	success
"Apolo, Bolivia"	-14.71942	-68.41436	success
"Mountain, Colombia"	13.36667	-81.36667	doubt
Peru	-12.98078	-72.876651	doubt
"Ankara, Turkey"	39.91987	32.85427	success
"Menari Zapatería, Costa Rica"	9.991615	-84.139219	doubt
Haiti	19.251299	-72.294701	success
"Over the Top (OTT), Black Mountain (Nsw), NSW, Australia"	-30.350817	151.657233	doubt
"Markazi, Iran"	34.273835	49.663993	doubt
Indonesia	-1.003189	101.972332	doubt
"Mandalay Meadows, Pleasant Valley, KS, USA"	37.191531	-96.997669	doubt
"Baracoa, Cuba"	20.34667	-74.49583	success
"Sydney, NSW, Australia"	-34.035875	151.194191	doubt
"Louisiana, USA"	30.542601	-92.51441	doubt
"Agra, India"	27.189062	78.010888	success
"Manila, Philippines"	14.6042	120.9822	success
"Warsaw, Poland"	52.237695	21.005427	success
"Yenice, Turkey"	39.89205	27.300503	doubt
"Houston, TX, USA"	29.784753	-95.361416	success
"Macae, Brazil"	-22.361843	-41.818649	doubt
"Deer Lake, NL, Canada"	49.16671	-57.43163	success
"Cuiaba, Brazil"	-15.579321	-56.10009	success
"Florianopolis, Brazil"	-27.595267	-48.541812	success
Iran	31.931398	55.245317	doubt
"Sta Cruz, Spain"	28.462493	-16.261104	doubt
Thailand	15.512883	101.301707	doubt
"Campinas, Brazil"	-22.904243	-47.109468	success
"Varadero, Cuba"	23.15361	-81.25139	doubt
Colombia	3.420497	-73.166783	doubt
"Sarasota, FL, USA"	27.331803	-82.549852	doubt
Spain	40.09095	-3.464618	doubt
Bolivia	-16.640652	-64.661928	doubt
"Matala, Angola"	-15.283521	15.198362	doubt
"Valley County, NE, USA"	41.567378	-98.981877	doubt
Russia	63.314401	93.884016	doubt
"Lihue, HI, USA"	21.971806	-159.350644	success
Tyrrhenian Sea	39.863343	12.143976	success
"Tepic, Mexico"	21.616341	-104.835547	doubt
"Narvesen, Skien, Norway"	59.140161	9.654047	doubt
"Golovin, AK, USA"	64.563799	-162.996782	success
"Tusayan, AZ, USA"	35.961595	-112.140612	success
"Philadelphia, PA, USA"	39.990821	-75.168428	success
"0 Cerro, Mexico City, Mexico"	19.350799	-99.21838	doubt
"Togiak, AK, USA"	58.991407	-160.447125	success
"Houma, LA, USA"	29.584505	-90.690407	success
"Nouadhibou, Mauritania"	20.93098	-17.03465	success
"Rio de Janeiro, Brazil"	-22.935024	-43.518246	success
Spain	40.09095	-3.464618	doubt
Qatar	25.199602	51.160939	doubt
"AfB, Essen, Germany"	51.465304	7.009353	doubt
"Riyadh, Saudi Arabia"	24.68773	46.72185	success
"DKI Jakarta, Indonesia"	-6.20596	106.82776	doubt
"Montélimar, France"	44.552119	4.747181	success
"Olaya, Colombia"	6.628104	-75.780215	doubt
"City of Freeport, The Bahamas"	26.530786	-78.630123	doubt
"Kindu, Democratic Republic of Congo"	-2.94373	25.92237	success
"Medina, Saudi Arabia"	24.46861	39.61417	success
"Kindu, Democratic Republic of Congo"	-2.94373	25.92237	doubt
"Mountain Mall, Iceland"	63.989588	-19.058986	success
"Badakshan, Afghanistan"	failed	failed	failed
"Florida, USA"	27.97762	-81.769611	doubt
"Caracas, Venezuela"	10.48801	-66.87919	success
"Cairo, Egypt"	30.06263	31.24967	success
Papua New Guinea	-5.695438	143.910495	doubt
South Korea Seoul Yongsan-gu Seoul	37.539619	127.009676	success
"Medellín, Colombia"	6.25184	-75.56359	success
"Pecos, TX, USA"	31.389867	-103.511212	success
"Dar es Salaam, Tanzania"	-6.81258	39.274749	success
"Michigan City, IN, USA"	41.715223	-86.896135	success
"Cold Bay, AK, USA"	55.238015	-162.75916	success
"Tumut, NSW, Australia"	-35.317621	148.239825	success
Colombia	3.420497	-73.166783	doubt
"Spokane, WA, USA"	47.660011	-117.4058	success
"Winnemucca, NV, USA"	40.974389	-117.728719	success
"Saint Petersburg, Russia"	59.911039	30.340232	success
"Houma, LA, USA"	29.584505	-90.690407	success
"White Plains, NY, USA"	41.014772	-73.755365	success
"Avalon, CA, USA"	33.337257	-118.33327	success
"Belem, Brazil"	-1.448755	-48.487867	success
"North Adams, MA, USA"	42.683849	-73.116587	success
Tabones Island	14.823979	120.064257	success
"Fallon, NV, USA"	39.476713	-118.782418	success
"Moroni, Comoros"	-11.70216	43.25506	success
"Shemya Drive, Anchorage, AK, USA"	61.307207	-149.5117	doubt
"Redzikowo, Poland"	54.470074	17.125796	success
"Galena, AK, USA"	64.737862	-156.847182	success
"Mount Hagen, Papua New Guinea"	-5.8581	144.22744	success
"Soliz, Bolivia"	-17.750431	-63.187766	success
"Cincinnati, OH, USA"	39.14767	-84.543959	success
"Loveland, CO, USA"	40.413649	-105.084737	success
"Pekanbaru, Indonesia"	0.495107	101.441876	success
"Maryland, USA"	39.038828	-76.346717	doubt
Argentina	-33.528049	-64.168459	doubt
"Menongue, Angola"	-14.6585	17.69099	success
"Farrington Mountain, Mexico, ME, USA"	44.540897	-70.502565	doubt
Ecuador	-1.241567	-78.322784	doubt
Ecuador	-1.241567	-78.322784	doubt
"Avalon, CA, USA"	33.337257	-118.33327	success
"Cairo, Egypt"	30.06263	31.24967	success
"Ust'-Barguzin, Russia"	53.410579	109.026333	success
"Hualien County, Taiwan"	23.798405	121.403372	doubt
"Miraflores, Colombia"	5.159925	-73.170335	doubt
"Nailstone, England, United Kingdom"	52.663658	-1.385206	success
"Muskegon, MI, USA"	43.233675	-86.235105	success
"Erevan, Armenia"	40.155704	44.524938	doubt
"Mogadishu, Somalia"	2.03711	45.34375	success
"Kansas City, KS, USA"	39.106542	-94.731462	success
Madagascar	-18.628414	46.704055	success
"Carurú, Colombia"	1.007809	-71.255882	doubt
"Chihuahua City, Mexico"	28.662926	-106.099908	success
"Municipality of Skagway, AK, USA"	59.557353	-135.343312	success
"Miaoli County, Taiwan"	24.502627	120.885197	doubt
"Zavitinsk, Russia"	50.111785	129.444733	success
"Zeya, Russia"	53.73248	127.245946	success
"Paipa, Colombia"	5.78013	-73.11708	success
"Zeleznogorsk, Russian"	failed	failed	failed
"Nellis AFB, NV, USA"	36.253665	-115.061956	success
"Babaeski, Turkey"	41.4325	27.09306	success
"Tehran, Iran"	35.69439	51.42151	success
"Casper, WY, USA"	42.844293	-106.311687	success
"Moerdijk, Netherlands"	51.706734	4.622285	success
"Kufsstein, Austria"	47.585981	12.169344	success
"Saint Thomas Island, US Virgin Islands"	18.339224	-64.901939	doubt
"Bafoussam, Cameroon"	5.47366	10.41786	success
"Departments Store, Philippines"	15.052513	120.700609	doubt
"Mount Pocono, PA, USA"	41.12282	-75.360015	success
"Noril'sk, Russia"	69.317885	88.212264	success
"Biratnagar, Nepal"	26.4831	87.28337	success
Iceland	64.779262	-18.673522	doubt
"Ajaccio, France"	41.926997	8.735367	doubt
"Kaneohe, HI, USA"	21.40572	-157.789396	success
"Tyonek, AK, USA"	61.063391	-151.346367	success
"Alaska, USA"	64.724809	-153.629618	doubt
"Kuala Belait, Brunei"	4.584564	114.186401	doubt
"Coveñas, Colombia"	9.386132	-75.669879	doubt
"Cape Town, South Africa"	-33.915366	18.543149	success
"Durango, CO, USA"	37.288327	-107.880923	success
"Gelendzhik, Russia"	44.493764	38.349466	doubt
"Helena, MT, USA"	46.59808	-112.020152	success
"District of Columbia, USA"	38.912097	-77.014683	doubt
"Addis Ababa, Ethiopia"	9.02497	38.74689	success
"Hilton Boston Logan Airport, Boston, MA, USA"	42.36735	-71.023088	doubt
"Constanta, Romania"	44.154529	28.305084	doubt
Djibouti	11.927315	42.454406	success
South Korea Jaeju-Do Jeju-si Jeju-Si	33.495589	126.493274	success
"Srinagar, India"	30.22242	78.78341	success
"Tokyo, Japan"	35.695126	139.75391	doubt
Philippines	16.932122	121.387948	doubt
Colombia	3.420497	-73.166783	doubt
"Providence, RI, USA"	41.826746	-71.419577	success
"Mehamn, Norway"	71.035152	27.850357	success
Indonesia	-1.003189	101.972332	doubt
Belarus	53.832259	28.43651	doubt
"Leesburg, FL, USA"	28.80828	-81.881743	success
"Woodstock, IL, USA"	42.317116	-88.448052	success
"Branti, Indonesia"	-5.254839	105.178887	success
Colombia	3.420497	-73.166783	doubt
"Tanana, AK, USA"	65.174767	-152.069606	success
"Erzurum, Turkey"	39.971009	41.576186	doubt
"Yangshuo, China"	24.776263	110.485952	success
"Hawaii, USA"	19.647634	-155.533256	doubt
Gulf of Thailand	9.105485	102.079625	success
"Aden, Yemen"	12.77944	45.03667	doubt
"Judsonia, AR, USA"	35.278466	-91.636718	success
"South San Stadium, San Antonio, TX, USA"	29.350791	-98.550296	doubt
"Brasilia, Brazil"	-15.803598	-47.903099	doubt
Indonesia	-1.003189	101.972332	doubt
South Korea Kyeongki-Do Seongnamsibundanggu Seongnam-si	37.393565	127.110205	success
"Pacatuba, Brazil"	-3.983994	-38.613383	success
"Tabatinga, Brazil"	-4.233854	-69.937851	success
"Mumbai, India"	19.10109	72.875449	success
Gabon	-0.586328	11.547829	doubt
"Moscow, Russia"	55.741469	37.615561	success
"Kenner, LA, USA"	30.011436	-90.25447	success
"Jolo, Philippines"	6.05222	121.00222	success
"Oregon, USA"	43.854178	-120.526709	doubt
"Castaic, CA, USA"	34.477993	-118.632041	success
"Sitka, AK, USA"	57.222921	-135.293483	success
"Concord, NH, USA"	43.231657	-71.559509	success
PacifiOcean	failed	failed	failed
"Mindat, Myanmar"	21.526246	93.474175	doubt
"Sukhumi Street, Georgia"	41.451215	44.531561	doubt
"Managua, Nicaragua"	12.150773	-86.272373	success
"Castries, St. Lucia"	13.994045	-60.968345	doubt
"Tennessee, USA"	35.820245	-86.343764	doubt
Ecuador	-1.241567	-78.322784	doubt
"Rio Branco, Brazil"	-9.989637	-67.822462	success
"Mannheim, Germany"	49.488789	8.492765	success
"Malaga, Spain"	36.709737	-4.462013	success
"Nondalton, AK, USA"	59.979346	-154.870115	success
"British Columbia, Canada"	54.790277	-124.557003	doubt
"Alaska, USA"	64.724809	-153.629618	doubt
"Luxemburg, Luxembourg"	49.609085	6.059322	doubt
AtlantiOcean	failed	failed	failed
Taiwan	23.798532	120.955426	doubt
"Cullman, AL, USA"	34.171754	-86.840307	success
"Lubango, Angola"	-14.696547	13.840559	doubt
"Guayabetal, Colombia"	4.238908	-73.829113	doubt
"Douglassville, PA, USA"	40.254785	-75.723309	success
"Pueblo, CO, USA"	38.293737	-104.606727	success
Nicaragua	12.793313	-85.039545	doubt
"Klawock, AK, USA"	55.555124	-133.088093	success
"La Serena, Chile"	-29.915417	-71.245354	success
"Defiance, OH, USA"	41.24515	-84.399684	success
"Mesvres, France"	46.774733	4.199392	doubt
"Rostov-on-Don, Russia"	47.236727	39.702793	success
"Guangzhou, China"	23.113511	113.289942	success
"Brainerd, MN, USA"	46.34809	-94.203485	success
"Detroit, MI, USA"	42.398649	-83.164515	success
Papua New Guinea	-5.695438	143.910495	doubt
"Ankara, Turkey"	39.91987	32.85427	success
"Fayetteville, NC, USA"	35.089222	-79.020171	success
"Brooksville, FL, USA"	28.557262	-82.386551	success
"Macae, Brazil"	-22.361843	-41.818649	doubt
Afghanistan	34.159326	66.51551	doubt
"Barquisimeto, Venezuela"	10.06567	-69.33921	success
"Jeffersonville, GA, USA"	32.688137	-83.345036	success
"Newark, NJ, USA"	40.718707	-74.185043	success
"Guangzhou, China"	23.113511	113.289942	success
"Selawik, AK, USA"	66.598636	-160.006661	success
"Khartoum, Sudan"	15.55177	32.53241	success
Russia	63.314401	93.884016	doubt
"Toba, Japan"	34.48333	136.85	success
"Iwakuni, Japan"	34.170427	132.215225	success
"Guayaquil, Ecuador"	-2.198442	-79.893608	success
"Jacksonville, FL, USA"	30.369914	-81.660992	success
Thailand	15.512883	101.301707	doubt
"Nassau, The Bahamas"	25.08339	-77.350044	doubt
"Tanjung Karang, Indonesia"	-4.242334	104.282227	success
"Cincinnati/Northern Kentucky International Airport, Boone County, KY, USA"	39.051156	-84.664268	success
Taiwan	23.798532	120.955426	doubt
"Kauai County, HI, USA"	22.055032	-159.523859	doubt
Mali	18.683211	-2.015109	doubt
"Cortez, CO, USA"	37.350343	-108.581788	success
"Las Vegas, NV, USA"	36.190364	-115.279104	success
"Labé, Guinea"	11.409119	-12.331123	doubt
"Cuenca, Ecuador"	-2.90054	-79.00453	success
"Cornwall, England, United Kingdom"	50.557884	-4.515102	doubt
"Gimli, MB, Canada"	50.64206	-97.048182	success
Indonesia	-1.003189	101.972332	doubt
"Bula, Indonesia"	-3.104696	130.501191	doubt
"Evart, MI, USA"	43.901565	-85.264963	success
"Arizona, USA"	34.255149	-111.62621	doubt
"Dundo, Angola"	-7.380029	20.829984	success
"Queensland, Australia"	-23.033708	144.417144	doubt
"Nearly New, Princeton, NJ, USA"	40.352115	-74.652619	doubt
"Sakhalin, Russia"	50.170528	142.988288	doubt
"Smithers, BC, Canada"	54.78023	-127.16897	success
"Guilin, China"	25.274504	110.302684	success
"Jebel Ali, United Arab Emirates"	25.028782	55.123823	doubt
"Flagstaff, AZ, USA"	35.190767	-111.573928	success
Taiwan	23.798532	120.955426	doubt
"Tashkent, Uzbekistan"	41.26465	69.21627	success
"Springfield, MO, USA"	37.19736	-93.281942	success
"Araçatuba, Brazil"	-21.200153	-50.446949	success
Myanmar	21.576814	96.06596	doubt
"Pinckneyville, IL, USA"	38.078723	-89.384802	success
"Middletown, PA, USA"	40.201538	-76.727356	success
"Lubango, Angola"	-14.696547	13.840559	doubt
"Ice House, Calgary, AB, Canada"	51.084331	-114.219895	success
"Midland, TX, USA"	32.020111	-102.117875	success
"Madrid, Spain"	40.429913	-3.669245	success
"Enugu, Nigeria"	6.4402	7.4943	success
"Madrid, Spain"	40.429913	-3.669245	success
"Put-In-Bay, OH, USA"	41.653512	-82.817038	success
"Medellín, Colombia"	6.25184	-75.56359	success
Canada	58.33747	-112.384858	doubt
"Leshukonskoye, Russia"	64.8977	45.7655	success
"Amman, Jordan"	31.95522	35.94503	success
"St. Louis, MO, USA"	38.635957	-90.239861	success
"Sofia, Bulgaria"	42.685984	23.326714	success
"Cochabamba, Bolivia"	-17.3895	-66.1568	success
"Manado, Indonesia"	1.492292	124.853254	success
"Izhevsk, Russia"	56.85192	53.23297	success
"Terre Haute, IN, USA"	39.467566	-87.383705	success
Ethiopia	7.996115	38.896778	doubt
"San Gerardo, El Salvador"	13.8083	-88.411132	doubt
Australia	-23.992438	134.050443	doubt
Colombia	3.420497	-73.166783	success
"Matsuyama-shi, Japan"	33.84635	132.744777	doubt
"MTA JFK Airport Terminal 5 Bus, Queens, New York, NY, USA"	40.647226	-73.779789	success
"Borja, Spain"	41.833482	-1.532637	success
"Cumberland, MD, USA"	39.660019	-78.754851	success
"Barranquilla, Colombia"	10.96389	-74.79639	success
"San Borja, Bolivia"	-14.81667	-66.85	success
South Korea	36.382192	128.123986	doubt
"Rurrenabaque, Bolivia"	-14.44125	-67.52781	success
"Bimini, The Bahamas"	25.744074	-79.258355	success
"Florianopolis, Brazil"	-27.595267	-48.541812	success
"Imperatriz, Brazil"	-5.520556	-47.464339	success
"Salama, Egypt"	31.146652	31.546414	doubt
"Ushuaia, Argentina"	-54.8	-68.3	success
"Chalkhill, PA, USA"	39.846071	-79.61424	success
"Windsor Locks, CT, USA"	41.925533	-72.653623	success
"New Jersey, USA"	39.66502	-74.738208	doubt
"Aldeia, Brazil"	-23.528367	-46.870329	doubt
"Port Hardy, BC, Canada"	50.704698	-127.446478	success
"Buenavista, Philippines"	8.97694	125.40889	doubt
"AFBnet, Perugia, Italy"	43.085958	12.364522	doubt
"Ouzinkie, AK, USA"	57.923173	-152.47052	success
American Samoa	-14.333216	-170.778926	doubt
"Anchorage, AK, USA"	61.195429	-149.358257	success
"Vieques, Puerto Rico"	18.12534	-65.436241	success
"Dhaka, Bangladesh"	23.7104	90.40744	success
"Nawabshah, Pakistan"	26.24833	68.40955	success
"Machakos, Kenya"	-1.51667	37.26667	success
"Memphis, TN, USA"	35.112125	-89.954644	success
"Wamena, Indonesia"	-4.097515	138.942276	success
"Pontiac, MI, USA"	42.648185	-83.286965	success
"San Luis Obispo, CA, USA"	35.266778	-120.659441	success
"Douala, Cameroon"	4.04827	9.70428	success
Papua New Guinea	-5.695438	143.910495	doubt
"Naples, FL, USA"	26.147496	-81.797101	success
"land fill near the river, Kenya"	-1.314366	36.77525	success
"Opolskie, Poland"	50.681384	17.961193	doubt
"Quito, Ecuador"	-0.22985	-78.52495	success
Afghanistan	34.159326	66.51551	doubt
"Orillia, ON, Canada"	44.60149	-79.431535	success
"Nevada, USA"	39.440688	-116.598569	doubt
"Fort Franklin Road, West Penn, PA, USA"	40.701721	-75.845515	success
"Omsk, Russia"	54.964146	73.417869	success
Canada	58.33747	-112.384858	doubt
"Kabul, Afghanistan"	34.52813	69.17233	success
"Kabul, Afghanistan"	34.52813	69.17233	success
"Davao City, Philippines"	7.07306	125.61278	doubt
"England, United Kingdom"	52.59431	-1.461208	doubt
Peru	-12.98078	-72.876651	doubt
"Kostroma, Russia"	58.350358	43.794592	doubt
"Jacksonville, FL, USA"	30.369914	-81.660992	success
India	22.412321	79.132924	doubt
"Bainbridge, NY, USA"	42.297808	-75.481053	success
"Jaén, Peru"	-5.70908	-78.80748	success
"Bhojpur, Nepal"	27.25	87.08333	success
Russia	63.314401	93.884016	doubt
"La Paz, Bolivia"	-16.5	-68.15	success
"Kansas City, KS, USA"	39.106542	-94.731462	success
"Jinan, China"	36.647335	116.995219	success
"Havana, Cuba"	23.133905	-82.366128	success
"New Mexico, USA"	34.498624	-106.108278	doubt
"Reno, NV, USA"	39.530395	-119.806347	success
"Puerto Castilla, Honduras"	16.01667	-85.96667	doubt
"Buga, Colombia"	3.90089	-76.29783	success
Colombia	3.420497	-73.166783	doubt
"Whitefield, NH, USA"	44.375826	-71.615015	success
"Minsk, Belarus"	53.9	27.56667	success
"Soldotna, AK, USA"	60.486017	-151.089682	success
"Altus, OK, USA"	34.65114	-99.322294	success
Russia	63.314401	93.884016	doubt
"Central Point, OR, USA"	42.377161	-122.916584	success
"Banjarmasin, Indonesia"	-3.329631	114.600702	success
"Durango, Spain"	43.166033	-2.62376	success
"San Francisco, CA, USA"	37.778008	-122.431272	doubt
"Tombouctou, Mali"	21.488625	-3.859508	doubt
"Valdez, AK, USA"	61.097679	-146.312352	success
"Hood County, TX, USA"	32.436117	-97.836585	doubt
"Florencia, Colombia"	1.687974	-77.093267	doubt
"Salta, Argentina"	-24.7859	-65.41166	success
"Athens, LA, USA"	32.650086	-93.024754	success
"Phuket, Thailand"	7.968572	98.335185	doubt
"Las Cruces, NM, USA"	32.34343	-106.752401	success
"Tuba City, AZ, USA"	36.131596	-111.240364	success
"Kulusuk, Greenland"	65.566665	-37.183335	success
"Santa Rosa, Bolivia"	-14.16667	-66.88333	success
"Dobrobut near park, Zhovti Vody, Ukraine"	48.346541	33.501795	doubt
Japan	36.13793	138.441899	doubt
"Vilankulo, Mozambique"	-22.438164	35.254363	doubt
"Golovin, AK, USA"	64.563799	-162.996782	success
"Harrison, AR, USA"	36.256776	-93.120616	success
"Cabimas, Venezuela"	10.38828	-71.43992	success
"Nashville, TN, USA"	36.236907	-86.834683	success
"Athens, Greece"	37.988579	23.728541	success
"Juara, Brazil"	-10.883177	-57.773629	doubt
"AtlantiOcean, 110 miles West of Ireland"	failed	failed	failed
"Charlotte, NC, USA"	35.19534	-80.81711	success
"Nearly New, Princeton, NJ, USA"	40.352115	-74.652619	doubt
"Erie, PA, USA"	42.118688	-80.072076	success
"Leticia, Colombia"	-4.21528	-69.94056	success
"Dallas, TX, USA"	32.736212	-96.784359	success
Japan	36.13793	138.441899	doubt
Indonesia	-1.003189	101.972332	doubt
"Aden, Yemen"	12.77944	45.03667	success
"Gulkana, AK, USA"	62.208538	-145.453161	success
"Manchester, England, United Kingdom"	53.462761	-2.216665	doubt
"Auburn, ME, USA"	44.096115	-70.263744	success
"Beale AFB, CA, USA"	39.115703	-121.354973	success
"Kokoda, Papua New Guinea"	-8.87853	147.74073	success
"Kandahar, Afghanistan"	31.122692	65.576028	doubt
"Milwaukee, WI, USA"	43.063146	-87.948334	success
Afghanistan	34.159326	66.51551	success
"Grottoes, VA, USA"	38.269238	-78.826123	success
"Kharkiv, Ukraine"	49.978037	36.230969	success
"Jenkinsburg, GA, USA"	33.324216	-84.035057	success
New Zealand	-45.175323	169.232531	doubt
"Vitória da Conquista, Brazil"	-14.873991	-40.842653	success
Australia	-23.992438	134.050443	doubt
"El Beni, Bolivia"	-13.817846	-65.479928	doubt
"Nearly New, Princeton, NJ, USA"	40.352115	-74.652619	doubt
"Homer City, PA, USA"	40.54051	-79.160685	success
"Putao, Myanmar"	27.255729	97.77055	doubt
"Juneau, AK, USA"	58.503052	-134.249544	success
"Bethel, Alaska"	failed	failed	failed
"Dothan, Alabama"	failed	failed	failed
"Quinhagaki, Alaska"	?	?	?
"Near Sibyak, Indonesia"	?	?	?
"Luqa, Malta"	?	?	?
"Near Luassingua, Angola"	?	?	?
"Gander, Newfoundland, Canada"	?	?	?
Nepal	?	?	?
"De Kalb, Texas"	?	?	?
"Near Peten, Guatemala"	?	?	?
"Ellendale, Minnesota"	?	?	?
"Sao Paulo, Brazil"	?	?	?
"Las Lomitas, Mexico"	?	?	?
"Kasongo, Zaire"	?	?	?
"Off Makung, Taiwan"	?	?	?
"Near Bugulma, Russia"	?	?	?
"Bern, Switzerland"	?	?	?
"Alpena, Michigan"	?	?	?
"Near Naha, Indonesia"	?	?	?
"Goose Bay, Newfoundland, Canada"	?	?	?
"Omsk, Soviet Union"	?	?	?
"Bangui, Central African Republic"	?	?	?
"Near Pemba, Mozambique"	?	?	?
"Maravatio, Mexico"	?	?	?
"Near Athens, Greece"	?	?	?
"Near Magdalena, New Mexico"	?	?	?
"Near Saravena, Colombia"	?	?	?
"San Salvador, El Salvador"	?	?	?
"Near Taipei, Taiwan"	?	?	?
"Colombo, Sri Lanka"	?	?	?
"Hanty-Mansijsk, Soviet Union"	?	?	?
"AtlantiCity, New Jersey"	?	?	?
"Djibouti, Djibouti"	?	?	?
"Antananarivo, Madagascar"	?	?	?
"Near Cairo, Egypt"	?	?	?
"Port Ellen, Islay Island"	?	?	?
"Howard AFB, Panama"	?	?	?
"Grand Canyon, Arizona"	?	?	?
"Penza,  Russia"	?	?	?
"Near Syktyvar, Russia"	?	?	?
"Maputo, Mozambique"	?	?	?
"Yosemite Nation, California"	?	?	?
"Off St. Vincent, Leeward Islands"	?	?	?
"Near Wampusirpi, Honduras"	?	?	?
"Malakal, Sudan"	?	?	?
"Frenchglen, Oregon"	?	?	?
"Lander, Wyoming"	?	?	?
"Texarkana, Arkansas"	?	?	?
"Cerritos, California"	?	?	?
"Tullamarine, VIC, Australia"	?	?	?
"Karachi, Pakistan"	?	?	?
"Hopkinsville, Kentucky"	?	?	?
"Amsterdam, Netherlands"	?	?	?
"Near Mantiqueira, Brazil"	?	?	?
"Near Manado, Indonesia"	?	?	?
"San Antonio, Texas"	?	?	?
"Ust-Maya, USSR"	?	?	?
"Shiraz, Iran"	?	?	?
"Near Valparasoll, Chile"	?	?	?
"Fishers Island, New York"	?	?	?
"Near Komatipoot, South Africa"	?	?	?
"Kuybyshev, Russia"	?	?	?
"Manhattan, New York"	?	?	?
"Near Peshawar, Pakistan"	?	?	?
"Near Managua, Nicaragua"	?	?	?
"Near Zahedan, Iran"	?	?	?
"Off Sumburgh Head, Shetlands, Scotland"	?	?	?
"Near Sarowbi, Afghanistan"	?	?	?
"Berlin, East Germany"	?	?	?
"Near Lanzhou, China"	?	?	?
"Ay, Saudi Arabia"	?	?	?
"Near Nasaso, Fiji"	?	?	?
"Off Bata, Equatorial Guinea"	?	?	?
"Abidjan, Ivory Coast"	?	?	?
"Toronto, Canada"	?	?	?
"Near Asmara, Ethiopia"	?	?	?
"Salt Lake City, Utah"	?	?	?
"Cima, California"	?	?	?
"Off Monrovia, Liberia"	?	?	?
"Near Jakiri, Cameroon"	?	?	?
"Off Papua, New Guinea"	?	?	?
"Near Khost, Afghanistan"	?	?	?
"Durango, Mexico"	?	?	?
"Detroit, Michigan"	?	?	?
"Near Almaty, Kazakhstan"	?	?	?
"Spokane, Washington"	?	?	?
"Mount San Gorgonio, California"	?	?	?
"Eagle, Colorado"	?	?	?
"Near Parachinar, Pakistan"	?	?	?
"Anchorage, Alaska"	?	?	?
"Near Skien, Norway"	?	?	?
"Medan-Polonia, Indonesia"	?	?	?
"Kansas City, Kansas"	?	?	?
"Wilmington, North Carolina"	?	?	?
"Malakal, Sudan"	?	?	?
"Near Batagay, Russia"	?	?	?
"Mayaguez, Puerto Rico"	?	?	?
"Warsaw, Poland"	?	?	?
"Pickle Lake, Ontario, Canada"	?	?	?
"Sayre, Pennsylvania"	?	?	?
"Santa Cruz, Bolivia"	?	?	?
"Near Ruteng, Indonesia"	?	?	?
"Ilaga, Indonesia"	?	?	?
"Lübeck , Germany"	?	?	?
"Bolivar State, Venezuela"	?	?	?
"Khost, Afghanistan"	?	?	?
"Near Montelillo, Peru"	?	?	?
"Berdiansk, USSR"	?	?	?
"Heho, Burma"	?	?	?
"Near Baguio, Philippines"	?	?	?
"Fort Bragg AFB, North Carolina"	?	?	?
"Geneva, Switzerland"	?	?	?
"Mexico City, Mexico"	?	?	?
"Guatemala City, Guatemala"	?	?	?
"Calama, Chile"	?	?	?
"Near Chungking, Sichuan, China"	?	?	?
"Romulus, Michigan"	?	?	?
"Near Auturn, France"	?	?	?
"Off Ko Phuket, Thiland"	?	?	?
"Carajas, Brazil"	?	?	?
"Kunduz, Afghanistan"	?	?	?
"Luxor, Egypt"	?	?	?
"Hailey, Idaho"	?	?	?
"Near Pagan, Myanmar"	?	?	?
"El Poleo, Colombia"	?	?	?
"Mt. Crezzo, Italy"	?	?	?
"Komsomolsk-on-Amur, Russia"	?	?	?
"Bellingham, Washington"	?	?	?
"Ulongue, Malawi"	?	?	?
"Near Ross River, Canada"	?	?	?
"Denver, Colorado"	?	?	?
"Homer, Alaska"	?	?	?
"Off Kaikoura, New Zealand"	?	?	?
"Green Island, Taiwan"	?	?	?
"Bayfield, Colorado"	?	?	?
"Off Mauritius, Indian Ocean"	?	?	?
Over the Andaman Sea	?	?	?
"Near Kishwati, Rwanda"	?	?	?
"San Luis Obispo, California"	?	?	?
"Off Lima, Peru"	?	?	?
"Kanabea, Papua New Guinea"	?	?	?
"Near Iligan, Philippines"	?	?	?
"Off Vila dos Remidos, Brazil"	?	?	?
"Bordeaux, France"	?	?	?
Eugene Island	?	?	?
"Chadron, Nebraska"	?	?	?
"Kenai, Alaska"	?	?	?
"Maunaloa, Hawaii"	?	?	?
PacifiOcean	?	?	?
"Izmir, Turkey"	?	?	?
"Monroe, Louisiana"	?	?	?
"Mt. Colorado, Bolivia"	?	?	?
"Krosnovodsk, USSR"	?	?	?
"Near Nizhnevartovsk, Russia"	?	?	?
Panama	?	?	?
"Helena, Montana"	?	?	?
"Near Mulheim, Germany"	?	?	?
"Cary, North Carolina"	?	?	?
"Surgut, Russia"	?	?	?
"Near Ercan, Cyprus"	?	?	?
"Near Johannesburg, South Africa"	?	?	?
"Near Fontainebleau, France"	?	?	?
"Quito, Ecuador"	?	?	?
"Near Clarksville, Tennessee"	?	?	?
"Near Cucuta, N of  Santander, Colombia"	?	?	?
"Cairo, Egypt"	?	?	?
"Combi, Cyprus"	?	?	?
"Near Mazâr-e Charif, Afghanistan"	?	?	?
"Near Hennenman, South Africa"	?	?	?
"St. Just, France"	?	?	?
"Bagdarin, USSR"	?	?	?
"Near Tchamulate, Angola"	?	?	?
"Morristown, New Jersey"	?	?	?
"Linfen, China"	?	?	?
"Maui, Hawaii"	?	?	?
"Near Broennoysund, Norway"	?	?	?
"Swentna, Alaska"	?	?	?
"New Orleans, Louisiana"	?	?	?
"Puerto Limon, Costa Rica"	?	?	?
"Hannover, Germany"	?	?	?
"Near Quito, Ecuador"	?	?	?
"Greenville, Mississippi"	?	?	?
"Posadas, Argentina"	?	?	?
Central Mozambique	?	?	?
"Habsheim, France"	?	?	?
"Over the Persian Gulf, near Bandar Abbas, Iran"	?	?	?
"Barranquilla, Colombia"	?	?	?
"Golden Meadow, Louisiana"	?	?	?
"Near Lagos, Nigeria"	?	?	?
"Liscomb Bay, Alaska"	?	?	?
"Sofia, Bulgaria"	?	?	?
"Reykjavik, Iceland"	?	?	?
Northern Afghanistan	?	?	?
"Bahawalpur, Pakistan"	?	?	?
"Duncan Town, Bahamas"	?	?	?
"M'Bamu Island, Zaïre"	?	?	?
"Irkutsk, Russia"	?	?	?
"Kaiserslautern, West Germany"	?	?	?
"Kowloon Bay, Hong Kong"	?	?	?
"Cerro de la Calera, Mexico"	?	?	?
"Merida, Mexico"	?	?	?
"Dallas, Texas"	?	?	?
"Sitka, Alaska"	?	?	?
"Bangkok, Thailand"	?	?	?
"Lago Agrio, Ecuador"	?	?	?
"Cheney, Ontario, Canada"	?	?	?
"Bahar Dar, Ethiopia"	?	?	?
"Near Miram, Pakistan"	?	?	?
"Wurtsmith AFB, Michigan"	?	?	?
"Sedona, Arizona"	?	?	?
"Rome, Italy"	?	?	?
"Gauhati, India"	?	?	?
"Near Ahmedabad, India"	?	?	?
"Juliaca, Peru"	?	?	?
"Near Rzeszow, Poland"	?	?	?
"Jacksonville, Florida"	?	?	?
"Ilmajoki, Finland"	?	?	?
"Toussus, France"	?	?	?
"Montluçon, France"	?	?	?
"Hamada al Hambra, Libya"	?	?	?
"Kodinsk, Russia"	?	?	?
"Bîr Mogreïn, Mauritania"	?	?	?
Afghanistan	?	?	?
"Leninakan, Armenia, USSR"	?	?	?
"Near Luxor, Egypt"	?	?	?
"Near Leonora, WA, Australia"	?	?	?
"Lockerbie, Scotland"	?	?	?
"West Lafayette, Indiana"	?	?	?
"Leicestershire, England"	?	?	?
"Dayton, Ohio"	?	?	?
"Near La Paz, Bolivia"	?	?	?
"Fairbanks, Alaska"	?	?	?
"Near Abilene, Texas"	?	?	?
"Rangoon, Myanmar"	?	?	?
"Marseille, France"	?	?	?
"Santa Maria, Azores, Portugal"	?	?	?
"Bucharest, Romania"	?	?	?
"Near Kuala Lumpur, Malaysia"	?	?	?
"Corona, California"	?	?	?
"Honolulu, Hawaii"	?	?	?
"Tegucigalpa, Honduras"	?	?	?
"Near QuebeCity, Quebec, Canada"	?	?	?
"Dryden, Ontario, Canada"	?	?	?
"Lima, Peru"	?	?	?
"Carswell AFB, Texas"	?	?	?
"Pohang, South Korea"	?	?	?
"Guarulhos, Brazil"	?	?	?
"Col de Tourniol, France"	?	?	?
"Near Cucuta, Colombia"	?	?	?
"Baranquilla, Colombia"	?	?	?
"Near Cancun, Mexico"	?	?	?
"Columbia, Tennessee"	?	?	?
"Oskarshamn, Sweden"	?	?	?
"Near Tainjin, China"	?	?	?
"Near Paramaribo, Surinam"	?	?	?
"Vereda el Salitre, Colombia"	?	?	?
"Waipio Valley, Hawaii"	?	?	?
"Berlin, Germany"	?	?	?
"Zabol, Iran"	?	?	?
"Near Tarma, Peru"	?	?	?
"Kaohsiung, Taiwan"	?	?	?
"Yaounde,  Cameroon"	?	?	?
"Near Borana, Somalia"	?	?	?
"Cartersville, Georgia"	?	?	?
"Glen Burnie, Maryland"	?	?	?
"Sioux City, Iowa"	?	?	?
"Talourow Island, USSR"	?	?	?
"Porgera, New Guinea"	?	?	?
"Manila, Philippines"	?	?	?
"Near Jalalabad, Afghanistan"	?	?	?
"Near Chana, Angola"	?	?	?
"Tripoli, Libya"	?	?	?
"Off Ullung Do, South Korea"	?	?	?
"Auckland, New Zealand"	?	?	?
"Samos, Greece"	?	?	?
"Near Gambela, Ethiopia"	?	?	?
"Near Midford Sound, New Zealand"	?	?	?
"Janice, Mississippi"	?	?	?
"Gold Beach, Oregon"	?	?	?
"Near Gilgit, Pakistan"	?	?	?
"Lynchburg, Virginia"	?	?	?
"Near Havana, Cuba"	?	?	?
"Near Sao Jose do Xingu, Brazil"	?	?	?
"Skagerrak, Denmark"	?	?	?
"Near Bentuni, Indonesia"	?	?	?
"Mayfield, Kentucky"	?	?	?
"Near Bilma, Niger"	?	?	?
"Fairbanks, Alaska"	?	?	?
"La Guardia Airport, New York, New York"	?	?	?
"Near Baghran, Afghanistan"	?	?	?
"Ujani Dam, India"	?	?	?
"Terrace,  Canada"	?	?	?
"Nyala, Sudan"	?	?	?
"Grand Canyon National Park Airport, Tusayan, Arizona"	?	?	?
"Semyonovka ,Ukraine"	?	?	?
"Perth, Ontario, Canada"	?	?	?
"Uncertain, Texas"	?	?	?
"Urpay, Peru"	?	?	?
"Lacey Township, New Jersey"	?	?	?
"Leninakan, Russia"	?	?	?
"Near Tegucigalpa, Honduras"	?	?	?
"Hualein, China"	?	?	?
"Petropavlovsk, USSR"	?	?	?
"Halawa Point, Molokai, Hawaii"	?	?	?
"Monrovia, Liberia"	?	?	?
"Maluti Mountains, Lesotho"	?	?	?
"Bardufoss, Norway"	?	?	?
"Near Tyumem, Russia"	?	?	?
Albania	?	?	?
"Seoul, South Korea"	?	?	?
"Bogota, Colombia"	?	?	?
"Near Jamba, Angola"	?	?	?
"Charallave, Venezuela"	?	?	?
"Block Island, Rhode Island"	?	?	?
"Patuxent, Maryland"	?	?	?
"Near Guayaramerin, Bolivia"	?	?	?
"Near Ibague, Colombia"	?	?	?
"Pasco, Washington"	?	?	?
"Near Visina, Romania"	?	?	?
Milford Sound	?	?	?
"Java Sea, Indonesia"	?	?	?
"Near Pervouralsk, Russia"	?	?	?
"Pico Blanco, Costa Rica"	?	?	?
"Near Leadville, Colorado"	?	?	?
"Ansonia, Ohio"	?	?	?
"Near Caracas, Venezuela"	?	?	?
"Cove Neck, New York"	?	?	?
"Mt Rijani, Lombok Island, Indonesia"	?	?	?
"Near Kinkala, Congo"	?	?	?
"Burlington, Vermont"	?	?	?
"Plattsburg, New York"	?	?	?
"Bauru, Brazil"	?	?	?
"Near Bangalore, India"	?	?	?
"Near Ngwerere, Zambia"	?	?	?
"Denver, Colorado"	?	?	?
"Near Meerut, India"	?	?	?
"Sukhbaata, Mongolia"	?	?	?
"Off Miami, Florida"	?	?	?
"Off Freetown, Sierre Leone"	?	?	?
"Las Mesitas, Honduras"	?	?	?
Santiago de Cuba	?	?	?
"Kabul, Afghanistan"	?	?	?
"Near Kuito, Angola"	?	?	?
"Juiz De Fora, Brazil"	?	?	?
"Off Vaeroy, Norway"	?	?	?
"Off Contadora, Panama"	?	?	?
"Near Kinshasa, Zaire"	?	?	?
"Near Manila, Philippines"	?	?	?
"Ship Sands Island, ON, Canada"	?	?	?
"Tarbert, England"	?	?	?
"Guatamala City , Guatemala"	?	?	?
"Tuxtla-Gutierrez, Mexico"	?	?	?
"Manila, Philippines"	?	?	?
"Near Mt. Emerald, Qld, Australia"	?	?	?
"Near Wurzburg , Germany"	?	?	?
"Manila, Philippines"	?	?	?
"Thistle Lake, Northwest Territory, Canada"	?	?	?
"Near Altamira, Brazil"	?	?	?
"Oxfordshire, England"	?	?	?
"Aialak Bay, Alaska"	?	?	?
"Ashford, Washington"	?	?	?
"Near Port Morseby, New Guinea"	?	?	?
"Off Union Island, Grenadines Islands"	?	?	?
"Near Maymaneh, Afghanistan"	?	?	?
"Near Huanuco, Peru"	?	?	?
"Stepanakert, Azerbaijan, USSR"	?	?	?
"Near Shindand, Afghanistan"	?	?	?
"Yunlin, Taiwan"	?	?	?
"Elkhorn, Wisconsin"	?	?	?
"Lata, Georgia"	?	?	?
"Near Kaiserslautern, Germany"	?	?	?
"Kaltag, Alaska"	?	?	?
"Off Newfoundland, Canada"	?	?	?
"Off Sondre Stromfjord, Greenland"	?	?	?
"Koltsovo, Russia"	?	?	?
"Off Fernando de Noronha, Brazil"	?	?	?
"San Luis Obispo, California"	?	?	?
"Near Kuwait City, Kuwait"	?	?	?
"Guangzhou, China"	?	?	?
"Cape Canaveral, Florida"	?	?	?
"Near Bella Vista, Bolivia"	?	?	?
"Santiago de Cuba, Cuba"	?	?	?
"Novossibirsk, Russia"	?	?	?
"Stadelberg, Switzerland"	?	?	?
"Near Medellin, Colombia"	?	?	?
"Near Ashkhabad, Turkmenistan, USSR"	?	?	?
"Cleveland, Ohio"	?	?	?
"Koh Samui, Thailand"	?	?	?
"Off Ravenna, Italy"	?	?	?
"Romulus, Michigan"	?	?	?
"Nairobi, Kenya"	?	?	?
"Near Matak, Indonesia"	?	?	?
"Near False Pass, Alaska"	?	?	?
"Near Paramo Mucuti, Venezuela"	?	?	?
"Near Belo Horizonte, Brazil"	?	?	?
"Jalaludin, Indonesia"	?	?	?
"Near Ras Al Khafji, Saudi Arabia"	?	?	?
"LAX, Los Angeles, California"	?	?	?
"Near Nea Ankhialos, Greece"	?	?	?
"Munford, Alabama"	?	?	?
"Aspen, Colorado"	?	?	?
"Near Taisha, Ecuador"	?	?	?
"Puerto Williams, Chile"	?	?	?
"Near Colorado Springs, Colorado"	?	?	?
"La Puerta, Venezuela"	?	?	?
"Hassfurt, Germany"	?	?	?
